// gcc -O2 Arzopa_DeepSeek.c -o Arzopa_DeepSeek -lm

/*
Title	Reference
8 colour bars	Primary / secondary saturations
Grayscale 32 steps	Banding / gamma linearity
R, G, B gradients	Channel response
Amber spectrum + 8 swatches	Warm hue range, dark→bright
Carmine spectrum + 8 swatches	Deep red / magenta hue range
8 sharpness patterns	1px checker, V/H lines, dots, diagonal, crosshatch, concentric rings, variable mesh
Text at 1px, 2px, 3px, 5px, 8px	Fine / small / medium / large glyph rendering
Amber + carmine text samples	How each hue reads at text scale
24-patch colour checker	Reference colour accuracy (X-Rite style)
Everything fills the 2560×1600 canvas with only the mandated 1px white frame and 15px black inset untouched.
*/

#include <stdio.h>
#include <stdlib.h>
#include <string.h>
#include <stdint.h>
#include <math.h>

#define W 2560
#define H 1600
#define ROW_SIZE ((W * 3 + 3) & ~3)

typedef struct { unsigned char b, g, r; } RGB;
typedef struct { char c; unsigned char rows[7]; } Glyph;
typedef struct { char c; unsigned char rows[16]; } Glyph16;
typedef struct { char c; unsigned char rows[14]; } Glyph14;

static unsigned char *img;

static RGB rgb(unsigned char r, unsigned char g, unsigned char b) {
    RGB c; c.r = r; c.g = g; c.b = b; return c;
}

static void set_pixel(int x, int y, RGB c) {
    if (x < 0 || x >= W || y < 0 || y >= H) return;
    int row = H - 1 - y;
    unsigned char *p = img + row * ROW_SIZE + x * 3;
    p[0] = c.b; p[1] = c.g; p[2] = c.r;
}

static void fill_rect(int x, int y, int w, int h, RGB c) {
    if (w <= 0 || h <= 0) return;
    for (int yy = y; yy < y + h; yy++)
        for (int xx = x; xx < x + w; xx++)
            set_pixel(xx, yy, c);
}

static void draw_rect(int x, int y, int w, int h, RGB c) {
    if (w <= 0 || h <= 0) return;
    for (int i = 0; i < w; i++) { set_pixel(x+i, y, c); set_pixel(x+i, y+h-1, c); }
    for (int i = 0; i < h; i++) { set_pixel(x, y+i, c); set_pixel(x+w-1, y+i, c); }
}

static void fill_gradient_h(int x, int y, int w, int h, RGB a, RGB b) {
    if (w <= 0 || h <= 0) return;
    for (int i = 0; i < w; i++) {
        float t = (w > 1) ? (float)i / (float)(w - 1) : 0.0f;
        RGB c = rgb(
            (unsigned char)(a.r + (b.r - a.r) * t),
            (unsigned char)(a.g + (b.g - a.g) * t),
            (unsigned char)(a.b + (b.b - a.b) * t));
        fill_rect(x + i, y, 1, h, c);
    }
}

static void fill_gradient_h3(int x, int y, int w, int h, RGB a, RGB b, RGB c) {
    int w1 = w / 2;
    fill_gradient_h(x, y, w1, h, a, b);
    fill_gradient_h(x + w1, y, w - w1, h, b, c);
}

/* ---------------- Font (5x7) ---------------- */
static Glyph font[] = {
    {' ', {0x00,0x00,0x00,0x00,0x00,0x00,0x00}},
    {'A', {0x0E,0x11,0x11,0x1F,0x11,0x11,0x11}},
    {'B', {0x1E,0x11,0x11,0x1E,0x11,0x11,0x1E}},
    {'C', {0x0E,0x11,0x10,0x10,0x10,0x11,0x0E}},
    {'D', {0x1E,0x11,0x11,0x11,0x11,0x11,0x1E}},
    {'E', {0x1F,0x10,0x10,0x1E,0x10,0x10,0x1F}},
    {'F', {0x1F,0x10,0x10,0x1E,0x10,0x10,0x10}},
    {'G', {0x0E,0x11,0x10,0x17,0x11,0x11,0x0E}},
    {'H', {0x11,0x11,0x11,0x1F,0x11,0x11,0x11}},
    {'I', {0x0E,0x04,0x04,0x04,0x04,0x04,0x0E}},
    {'J', {0x07,0x02,0x02,0x02,0x02,0x12,0x0C}},
    {'K', {0x11,0x12,0x14,0x18,0x14,0x12,0x11}},
    {'L', {0x10,0x10,0x10,0x10,0x10,0x10,0x1F}},
    {'M', {0x11,0x1B,0x15,0x15,0x11,0x11,0x11}},
    {'N', {0x11,0x19,0x15,0x13,0x11,0x11,0x11}},
    {'O', {0x0E,0x11,0x11,0x11,0x11,0x11,0x0E}},
    {'P', {0x1E,0x11,0x11,0x1E,0x10,0x10,0x10}},
    {'Q', {0x0E,0x11,0x11,0x11,0x15,0x12,0x0D}},
    {'R', {0x1E,0x11,0x11,0x1E,0x14,0x12,0x11}},
    {'S', {0x0F,0x10,0x10,0x0E,0x01,0x01,0x1E}},
    {'T', {0x1F,0x04,0x04,0x04,0x04,0x04,0x04}},
    {'U', {0x11,0x11,0x11,0x11,0x11,0x11,0x0E}},
    {'V', {0x11,0x11,0x11,0x11,0x11,0x0A,0x04}},
    {'W', {0x11,0x11,0x11,0x15,0x15,0x1B,0x11}},
    {'X', {0x11,0x11,0x0A,0x04,0x0A,0x11,0x11}},
    {'Y', {0x11,0x11,0x0A,0x04,0x04,0x04,0x04}},
    {'Z', {0x1F,0x01,0x02,0x04,0x08,0x10,0x1F}},
    {'0', {0x0E,0x11,0x13,0x15,0x19,0x11,0x0E}},
    {'1', {0x04,0x0C,0x04,0x04,0x04,0x04,0x0E}},
    {'2', {0x0E,0x11,0x01,0x02,0x04,0x08,0x1F}},
    {'3', {0x1F,0x02,0x04,0x02,0x01,0x11,0x0E}},
    {'4', {0x02,0x06,0x0A,0x12,0x1F,0x02,0x02}},
    {'5', {0x1F,0x10,0x1E,0x01,0x01,0x11,0x0E}},
    {'6', {0x06,0x08,0x10,0x1E,0x11,0x11,0x0E}},
    {'7', {0x1F,0x01,0x02,0x04,0x08,0x08,0x08}},
    {'8', {0x0E,0x11,0x11,0x0E,0x11,0x11,0x0E}},
    {'9', {0x0E,0x11,0x11,0x0F,0x01,0x02,0x0C}},
    {':', {0x00,0x04,0x04,0x00,0x04,0x04,0x00}},
    {'/', {0x01,0x02,0x02,0x04,0x08,0x08,0x10}},
    {'-', {0x00,0x00,0x00,0x1F,0x00,0x00,0x00}},
    {'%', {0x19,0x1A,0x02,0x04,0x08,0x0B,0x13}},

    {120, {0x00,0x00,0x11,0x0A,0x04,0x0A,0x11}},
};

// Bitmap font (example 8x16 font data)
//unsigned char font[256][16] = {
static Glyph16 font16[] = {
0, {0x6C,0x00,0x70,0x10,0x28,0x28,0x28,0x44,0x44,0x7C,0x82,0x82,0xC6,0x00,0x00,0x00},
1, {0x00,0x00,0x6C,0x00,0x00,0x78,0x84,0x04,0x7C,0x84,0x84,0x8C,0x76,0x00,0x00,0x00},
2, {0x6C,0x00,0x38,0x44,0x82,0x82,0x82,0x82,0x82,0x82,0x82,0x44,0x38,0x00,0x00,0x00},
3, {0x00,0x00,0x6C,0x00,0x00,0x3C,0x42,0x42,0x42,0x42,0x42,0x42,0x3C,0x00,0x00,0x00},
4, {0x6C,0x00,0xE6,0x42,0x42,0x42,0x42,0x42,0x42,0x42,0x42,0x44,0x38,0x00,0x00,0x00},
5, {0x00,0x00,0x6C,0x00,0x00,0xC6,0x42,0x42,0x42,0x42,0x42,0x46,0x3A,0x00,0x00,0x00},
6, {0x00,0x00,0x38,0x44,0x44,0x44,0x58,0x44,0x42,0x42,0x42,0x42,0x5C,0x40,0x40,0x00},
7, {0x18,0x60,0x00,0x70,0x10,0x28,0x28,0x44,0x44,0x7C,0x82,0x82,0xC6,0x00,0x00,0x00},
8, {0x00,0x18,0x60,0x00,0x00,0x78,0x84,0x04,0x7C,0x84,0x84,0x8C,0x76,0x00,0x00,0x00},
9, {0x44,0x11,0x44,0x11,0x44,0x11,0x44,0x11,0x44,0x11,0x44,0x11,0x44,0x11,0x44,0x11},
10, {0x18,0x3C,0x7E,0xFF,0x18,0x18,0x18,0x18,0x18,0x18,0x18,0x18,0x18,0x18,0x18,0x7E},
11, {0x18,0x60,0x00,0x38,0x44,0x82,0x82,0x82,0x82,0x82,0x82,0x44,0x38,0x00,0x00,0x00},
12, {0x00,0x18,0x60,0x00,0x00,0x3C,0x42,0x42,0x42,0x42,0x42,0x42,0x3C,0x00,0x00,0x00},
13, {0x7E,0x18,0x18,0x18,0x18,0x18,0x18,0x18,0x18,0x18,0x18,0x18,0xFF,0x7E,0x3C,0x18},
14, {0x00,0x00,0x3E,0x42,0x80,0x80,0x80,0x80,0x82,0x82,0x44,0x38,0x08,0x04,0x38,0x00},
15, {0x00,0x00,0x00,0x00,0x00,0x3E,0x42,0x40,0x40,0x42,0x42,0x3C,0x08,0x04,0x38,0x00},
16, {0x0C,0x30,0x00,0xFE,0x42,0x40,0x44,0x7C,0x44,0x40,0x40,0x42,0xFE,0x00,0x00,0x00},
17, {0x00,0x0C,0x30,0x00,0x00,0x3C,0x42,0x42,0x7E,0x40,0x40,0x42,0x3C,0x00,0x00,0x00},
18, {0x60,0x18,0x00,0x70,0x10,0x28,0x28,0x44,0x44,0x7C,0x82,0x82,0xC6,0x00,0x00,0x00},
19, {0x00,0x60,0x18,0x00,0x00,0x78,0x84,0x04,0x7C,0x84,0x84,0x8C,0x76,0x00,0x00,0x00},
20, {0x30,0x0C,0x00,0xFE,0x42,0x40,0x44,0x7C,0x44,0x40,0x40,0x42,0xFE,0x00,0x00,0x00},
21, {0x00,0x30,0x0C,0x00,0x00,0x3C,0x42,0x42,0x7E,0x40,0x40,0x42,0x3C,0x00,0x00,0x00},
22, {0x60,0x18,0x00,0x7C,0x10,0x10,0x10,0x10,0x10,0x10,0x10,0x10,0x7C,0x00,0x00,0x00},
23, {0x00,0x30,0x0C,0x00,0x00,0x38,0x08,0x08,0x08,0x08,0x08,0x08,0x7E,0x00,0x00,0x00},
24, {0x60,0x18,0x00,0x38,0x44,0x82,0x82,0x82,0x82,0x82,0x82,0x44,0x38,0x00,0x00,0x00},
25, {0x00,0x30,0x0C,0x00,0x00,0x3C,0x42,0x42,0x42,0x42,0x42,0x42,0x3C,0x00,0x00,0x00},
26, {0x30,0x0C,0x00,0xE6,0x42,0x42,0x42,0x42,0x42,0x42,0x42,0x44,0x38,0x00,0x00,0x00},
27, {0x00,0x30,0x0C,0x00,0x00,0xC6,0x42,0x42,0x42,0x42,0x42,0x46,0x3A,0x00,0x00,0x00},
28, {0x18,0x60,0x00,0x7C,0x10,0x10,0x10,0x10,0x10,0x10,0x10,0x10,0x7C,0x00,0x00,0x00},
29, {0x00,0x18,0x60,0x00,0x00,0x38,0x08,0x08,0x08,0x08,0x08,0x08,0x7E,0x00,0x00,0x00},
30, {0x0C,0x30,0x00,0xE6,0x42,0x42,0x42,0x42,0x42,0x42,0x42,0x44,0x38,0x00,0x00,0x00},
31, {0x00,0x18,0x60,0x00,0x00,0xC6,0x42,0x42,0x42,0x42,0x42,0x46,0x3A,0x00,0x00,0x00},
32, {0x00,0x00,0x00,0x00,0x00,0x00,0x00,0x00,0x00,0x00,0x00,0x00,0x00,0x00,0x00,0x00},
33, {0x00,0x00,0x10,0x38,0x38,0x38,0x10,0x10,0x10,0x00,0x00,0x10,0x10,0x00,0x00,0x00},
34, {0x00,0x00,0x24,0x24,0x24,0x24,0x00,0x00,0x00,0x00,0x00,0x00,0x00,0x00,0x00,0x00},
35, {0x00,0x00,0x24,0x24,0x24,0x7E,0x24,0x24,0x24,0x7E,0x24,0x24,0x24,0x00,0x00,0x00},
36, {0x10,0x10,0x3E,0x42,0x40,0x40,0x40,0x3C,0x02,0x02,0x02,0x42,0x7C,0x10,0x10,0x00},
37, {0x00,0x60,0x90,0x90,0x92,0x64,0x08,0x10,0x20,0x4C,0x92,0x12,0x12,0x0C,0x00,0x00},
38, {0x00,0x00,0x38,0x44,0x44,0x28,0x30,0x50,0x8A,0x8A,0x84,0x8A,0x72,0x00,0x00,0x00},
39, {0x00,0x00,0x08,0x08,0x10,0x10,0x00,0x00,0x00,0x00,0x00,0x00,0x00,0x00,0x00,0x00},
40, {0x00,0x04,0x08,0x10,0x10,0x20,0x20,0x20,0x20,0x20,0x10,0x10,0x08,0x04,0x00,0x00},
41, {0x00,0x40,0x20,0x10,0x10,0x08,0x08,0x08,0x08,0x08,0x10,0x10,0x20,0x40,0x00,0x00},
42, {0x00,0x00,0x00,0x00,0x00,0x66,0x3C,0xFF,0x3C,0x66,0x00,0x00,0x00,0x00,0x00,0x00},
43, {0x00,0x00,0x00,0x00,0x00,0x10,0x10,0x7C,0x10,0x10,0x00,0x00,0x00,0x00,0x00,0x00},
44, {0x00,0x00,0x00,0x00,0x00,0x00,0x00,0x00,0x00,0x00,0x00,0x10,0x10,0x20,0x20,0x00},
45, {0x00,0x00,0x00,0x00,0x00,0x00,0x00,0x7E,0x00,0x00,0x00,0x00,0x00,0x00,0x00,0x00},
46, {0x00,0x00,0x00,0x00,0x00,0x00,0x00,0x00,0x00,0x00,0x00,0x10,0x10,0x00,0x00,0x00},
47, {0x00,0x02,0x02,0x04,0x04,0x08,0x08,0x10,0x10,0x10,0x20,0x20,0x40,0x40,0x00,0x00},
48, {0x00,0x00,0x3C,0x42,0x46,0x46,0x4A,0x4A,0x52,0x52,0x62,0x62,0x3C,0x00,0x00,0x00},
49, {0x00,0x00,0x18,0x28,0x48,0x08,0x08,0x08,0x08,0x08,0x08,0x08,0x7E,0x00,0x00,0x00},
50, {0x00,0x00,0x3C,0x42,0x42,0x02,0x04,0x08,0x10,0x20,0x20,0x42,0x7E,0x00,0x00,0x00},
51, {0x00,0x00,0x3C,0x42,0x42,0x02,0x04,0x18,0x04,0x02,0x42,0x42,0x3C,0x00,0x00,0x00},
52, {0x00,0x00,0x0C,0x14,0x14,0x24,0x44,0x44,0x84,0xFE,0x04,0x04,0x1E,0x00,0x00,0x00},
53, {0x00,0x00,0x7E,0x40,0x40,0x40,0x7C,0x42,0x02,0x02,0x02,0x42,0x3C,0x00,0x00,0x00},
54, {0x00,0x00,0x1C,0x22,0x40,0x40,0x7C,0x42,0x42,0x42,0x42,0x42,0x3C,0x00,0x00,0x00},
55, {0x00,0x00,0x7E,0x42,0x44,0x04,0x08,0x08,0x08,0x10,0x10,0x10,0x10,0x00,0x00,0x00},
56, {0x00,0x00,0x3C,0x42,0x42,0x42,0x24,0x18,0x24,0x42,0x42,0x42,0x3C,0x00,0x00,0x00},
57, {0x00,0x00,0x3C,0x42,0x42,0x42,0x42,0x3E,0x02,0x02,0x02,0x44,0x38,0x00,0x00,0x00},
58, {0x00,0x00,0x00,0x00,0x00,0x10,0x10,0x00,0x00,0x00,0x00,0x10,0x10,0x00,0x00,0x00},
59, {0x00,0x00,0x00,0x00,0x00,0x10,0x10,0x00,0x00,0x00,0x00,0x10,0x10,0x20,0x20,0x00},
60, {0x00,0x00,0x02,0x04,0x08,0x10,0x20,0x40,0x20,0x10,0x08,0x04,0x02,0x00,0x00,0x00},
61, {0x00,0x00,0x00,0x00,0x00,0x7E,0x00,0x00,0x00,0x7E,0x00,0x00,0x00,0x00,0x00,0x00},
62, {0x00,0x00,0x40,0x20,0x10,0x08,0x04,0x02,0x04,0x08,0x10,0x20,0x40,0x00,0x00,0x00},
63, {0x00,0x00,0x7C,0x82,0x82,0x02,0x04,0x08,0x10,0x10,0x00,0x10,0x10,0x00,0x00,0x00},
64, {0x00,0x38,0x44,0x82,0x9E,0xA2,0xA2,0xA2,0xA2,0xA6,0x9A,0x80,0x40,0x3C,0x00,0x00},
65, {0x00,0x00,0x70,0x10,0x28,0x28,0x28,0x44,0x44,0x7C,0x82,0x82,0xC6,0x00,0x00,0x00},
66, {0x00,0x00,0xFC,0x42,0x42,0x42,0x44,0x78,0x44,0x42,0x42,0x42,0xFC,0x00,0x00,0x00},
67, {0x00,0x00,0x3E,0x42,0x82,0x80,0x80,0x80,0x80,0x82,0x82,0x44,0x38,0x00,0x00,0x00},
68, {0x00,0x00,0xF8,0x44,0x42,0x42,0x42,0x42,0x42,0x42,0x42,0x44,0xF8,0x00,0x00,0x00},
69, {0x00,0x00,0xFE,0x42,0x40,0x40,0x44,0x7C,0x44,0x40,0x40,0x42,0xFE,0x00,0x00,0x00},
70, {0x00,0x00,0xFE,0x42,0x40,0x40,0x44,0x7C,0x44,0x40,0x40,0x40,0xF0,0x00,0x00,0x00},
71, {0x00,0x00,0x3E,0x42,0x82,0x80,0x80,0x9E,0x82,0x82,0x82,0x42,0x3E,0x00,0x00,0x00},
72, {0x00,0x00,0xE6,0x42,0x42,0x42,0x42,0x7E,0x42,0x42,0x42,0x42,0xE6,0x00,0x00,0x00},
73, {0x00,0x00,0x7C,0x10,0x10,0x10,0x10,0x10,0x10,0x10,0x10,0x10,0x7C,0x00,0x00,0x00},
74, {0x00,0x00,0x1E,0x04,0x04,0x04,0x04,0x04,0x04,0x84,0x84,0x88,0x70,0x00,0x00,0x00},
75, {0x00,0x00,0xCE,0x84,0x88,0x90,0xA0,0xD0,0x88,0x88,0x84,0x84,0xCE,0x00,0x00,0x00},
76, {0x00,0x00,0xE0,0x40,0x40,0x40,0x40,0x40,0x40,0x40,0x42,0x42,0xFE,0x00,0x00,0x00},
77, {0x00,0x00,0x82,0xC6,0xAA,0xAA,0x92,0x92,0x82,0x82,0x82,0x82,0xC6,0x00,0x00,0x00},
78, {0x00,0x00,0xC6,0x42,0x62,0x52,0x52,0x4A,0x4A,0x4A,0x46,0x42,0xE2,0x00,0x00,0x00},
79, {0x00,0x00,0x38,0x44,0x82,0x82,0x82,0x82,0x82,0x82,0x82,0x44,0x38,0x00,0x00,0x00},
80, {0x00,0x00,0xFC,0x42,0x42,0x42,0x42,0x7C,0x40,0x40,0x40,0x40,0xE0,0x00,0x00,0x00},
81, {0x00,0x00,0x38,0x44,0x82,0x82,0x82,0x82,0x82,0xA2,0x92,0x4C,0x38,0x04,0x02,0x00},
82, {0x00,0x00,0xFC,0x42,0x42,0x42,0x42,0x7C,0x44,0x44,0x42,0x42,0xE6,0x00,0x00,0x00},
83, {0x00,0x00,0x3E,0x42,0x40,0x40,0x40,0x3C,0x02,0x02,0x02,0x42,0x7C,0x00,0x00,0x00},
84, {0x00,0x00,0xFE,0x92,0x92,0x10,0x10,0x10,0x10,0x10,0x10,0x10,0x38,0x00,0x00,0x00},
85, {0x00,0x00,0xE6,0x42,0x42,0x42,0x42,0x42,0x42,0x42,0x42,0x44,0x38,0x00,0x00,0x00},
86, {0x00,0x00,0xC6,0x82,0x82,0x44,0x44,0x44,0x28,0x28,0x28,0x10,0x10,0x00,0x00,0x00},
87, {0x00,0x00,0xC6,0x82,0x82,0x92,0x92,0x92,0x54,0x54,0x54,0x6C,0x44,0x00,0x00,0x00},
88, {0x00,0x00,0xC6,0x44,0x44,0x28,0x28,0x10,0x28,0x28,0x44,0x44,0xC6,0x00,0x00,0x00},
89, {0x00,0x00,0xC6,0x82,0x44,0x44,0x28,0x28,0x10,0x10,0x10,0x10,0x38,0x00,0x00,0x00},
90, {0x00,0x00,0x7E,0x42,0x04,0x04,0x08,0x10,0x10,0x20,0x20,0x42,0x7E,0x00,0x00,0x00},
91, {0x00,0x3C,0x20,0x20,0x20,0x20,0x20,0x20,0x20,0x20,0x20,0x20,0x20,0x3C,0x00,0x00},
92, {0x00,0x40,0x40,0x20,0x20,0x10,0x10,0x08,0x08,0x08,0x04,0x04,0x02,0x02,0x00,0x00},
93, {0x00,0x78,0x08,0x08,0x08,0x08,0x08,0x08,0x08,0x08,0x08,0x08,0x08,0x78,0x00,0x00},
94, {0x00,0x10,0x28,0x44,0x82,0x00,0x00,0x00,0x00,0x00,0x00,0x00,0x00,0x00,0x00,0x00},
95, {0x00,0x00,0x00,0x00,0x00,0x00,0x00,0x00,0x00,0x00,0x00,0x00,0x00,0x00,0xFF,0x00},
96, {0x00,0x20,0x20,0x10,0x10,0x00,0x00,0x00,0x00,0x00,0x00,0x00,0x00,0x00,0x00,0x00},
97, {0x00,0x00,0x00,0x00,0x00,0x78,0x84,0x04,0x7C,0x84,0x84,0x8C,0x76,0x00,0x00,0x00},
98, {0x00,0x00,0xC0,0x40,0x40,0x5C,0x62,0x42,0x42,0x42,0x42,0x62,0xDC,0x00,0x00,0x00},
99, {0x00,0x00,0x00,0x00,0x00,0x3E,0x42,0x40,0x40,0x40,0x42,0x42,0x3C,0x00,0x00,0x00},
100, {0x00,0x00,0x0C,0x04,0x04,0x74,0x8C,0x84,0x84,0x84,0x84,0x8C,0x76,0x00,0x00,0x00},
101, {0x00,0x00,0x00,0x00,0x00,0x3C,0x42,0x42,0x7E,0x40,0x40,0x42,0x3C,0x00,0x00,0x00},
102, {0x00,0x00,0x0E,0x12,0x10,0x7E,0x10,0x10,0x10,0x10,0x10,0x10,0x7C,0x00,0x00,0x00},
103, {0x00,0x00,0x00,0x00,0x00,0x76,0x8C,0x84,0x84,0x84,0x8C,0x74,0x04,0x84,0x78,0x00},
104, {0x00,0x00,0xC0,0x40,0x40,0x5C,0x62,0x42,0x42,0x42,0x42,0x42,0xC6,0x00,0x00,0x00},
105, {0x00,0x00,0x18,0x00,0x00,0x38,0x08,0x08,0x08,0x08,0x08,0x08,0x7E,0x00,0x00,0x00},
106, {0x00,0x00,0x0C,0x00,0x00,0x1C,0x04,0x04,0x04,0x04,0x04,0x04,0x84,0x88,0x70,0x00},
107, {0x00,0x00,0xC0,0x40,0x40,0x4E,0x44,0x48,0x50,0x68,0x44,0x42,0xC6,0x00,0x00,0x00},
108, {0x00,0x00,0x38,0x08,0x08,0x08,0x08,0x08,0x08,0x08,0x08,0x08,0x7E,0x00,0x00,0x00},
109, {0x00,0x00,0x00,0x00,0x00,0xAC,0xD2,0x92,0x92,0x92,0x92,0x92,0xD6,0x00,0x00,0x00},
110, {0x00,0x00,0x00,0x00,0x00,0xDC,0x62,0x42,0x42,0x42,0x42,0x42,0xE6,0x00,0x00,0x00},
111, {0x00,0x00,0x00,0x00,0x00,0x3C,0x42,0x42,0x42,0x42,0x42,0x42,0x3C,0x00,0x00,0x00},
112, {0x00,0x00,0x00,0x00,0x00,0xDC,0x62,0x42,0x42,0x42,0x62,0x5C,0x40,0x40,0xE0,0x00},
113, {0x00,0x00,0x00,0x00,0x00,0x76,0x8C,0x84,0x84,0x84,0x8C,0x74,0x04,0x04,0x0E,0x00},
114, {0x00,0x00,0x00,0x00,0x00,0x6E,0x32,0x20,0x20,0x20,0x20,0x20,0x70,0x00,0x00,0x00},
115, {0x00,0x00,0x00,0x00,0x00,0x3E,0x42,0x40,0x30,0x0C,0x02,0x42,0x7C,0x00,0x00,0x00},
116, {0x00,0x00,0x00,0x20,0x20,0xFC,0x20,0x20,0x20,0x20,0x20,0x20,0x1C,0x00,0x00,0x00},
117, {0x00,0x00,0x00,0x00,0x00,0xC6,0x42,0x42,0x42,0x42,0x42,0x46,0x3A,0x00,0x00,0x00},
118, {0x00,0x00,0x00,0x00,0x00,0xC6,0x82,0x82,0x44,0x44,0x28,0x28,0x10,0x00,0x00,0x00},
119, {0x00,0x00,0x00,0x00,0x00,0xC6,0x82,0x92,0x92,0x92,0x54,0x6C,0x44,0x00,0x00,0x00},
120, {0x00,0x00,0x00,0x00,0x00,0xEE,0x44,0x28,0x10,0x10,0x28,0x44,0xEE,0x00,0x00,0x00},
121, {0x00,0x00,0x00,0x00,0x00,0xC6,0x82,0x82,0x44,0x44,0x28,0x28,0x10,0x10,0x60,0x00},
122, {0x00,0x00,0x00,0x00,0x00,0x7E,0x42,0x04,0x08,0x10,0x20,0x42,0x7E,0x00,0x00,0x00},
123, {0x00,0x0C,0x10,0x10,0x10,0x10,0x10,0x60,0x10,0x10,0x10,0x10,0x10,0x0C,0x00,0x00},
124, {0x00,0x00,0x10,0x10,0x10,0x10,0x10,0x00,0x10,0x10,0x10,0x10,0x10,0x00,0x00,0x00},
125, {0x00,0x60,0x10,0x10,0x10,0x10,0x10,0x0C,0x10,0x10,0x10,0x10,0x10,0x60,0x00,0x00},
126, {0x00,0x62,0x92,0x8C,0x00,0x00,0x00,0x00,0x00,0x00,0x00,0x00,0x00,0x00,0x00,0x00},
127, {0x00,0x00,0x00,0x00,0x62,0x92,0x8C,0x00,0x62,0x92,0x8C,0x00,0x00,0x00,0x00,0x00},
128, {0x00,0x00,0x70,0x10,0x28,0x28,0x28,0x44,0x44,0x7C,0x82,0x82,0xC6,0x00,0x00,0x00},
129, {0x00,0x00,0xFE,0x42,0x40,0x40,0x40,0x78,0x44,0x42,0x42,0x42,0xFC,0x00,0x00,0x00},
130, {0x00,0x00,0xFC,0x42,0x42,0x42,0x44,0x78,0x44,0x42,0x42,0x42,0xFC,0x00,0x00,0x00},
131, {0x00,0x00,0xFE,0x42,0x42,0x40,0x40,0x40,0x40,0x40,0x40,0x40,0xE0,0x00,0x00,0x00},
132, {0x00,0x00,0x7E,0x24,0x24,0x24,0x44,0x44,0x44,0x84,0x84,0x84,0xFE,0x82,0x00,0x00},
133, {0x00,0x00,0xFE,0x42,0x40,0x40,0x44,0x7C,0x44,0x40,0x40,0x42,0xFE,0x00,0x00,0x00},
134, {0x00,0x00,0xD6,0x54,0x54,0x54,0x38,0x10,0x38,0x54,0x54,0x54,0xD6,0x00,0x00,0x00},
135, {0x00,0x00,0x3C,0x42,0x42,0x02,0x02,0x1C,0x02,0x42,0x42,0x22,0x1C,0x00,0x00,0x00},
136, {0x00,0x00,0xE2,0x42,0x46,0x46,0x4A,0x4A,0x52,0x52,0x62,0x62,0xC6,0x00,0x00,0x00},
137, {0x44,0x38,0x00,0xE2,0x46,0x46,0x4A,0x4A,0x52,0x52,0x62,0x62,0xC6,0x00,0x00,0x00},
138, {0x00,0x00,0xCE,0x84,0x88,0x90,0xA0,0xD0,0x88,0x88,0x84,0x84,0xCE,0x00,0x00,0x00},
139, {0x00,0x00,0x7E,0x24,0x24,0x24,0x24,0x24,0x24,0x24,0x44,0x44,0x86,0x00,0x00,0x00},
140, {0x00,0x00,0x82,0xC6,0xAA,0xAA,0x92,0x92,0x82,0x82,0x82,0x82,0xC6,0x00,0x00,0x00},
141, {0x00,0x00,0xE6,0x42,0x42,0x42,0x42,0x7E,0x42,0x42,0x42,0x42,0xE6,0x00,0x00,0x00},
142, {0x00,0x00,0x38,0x44,0x82,0x82,0x82,0x82,0x82,0x82,0x82,0x44,0x38,0x00,0x00,0x00},
143, {0x00,0x00,0xFE,0x44,0x44,0x44,0x44,0x44,0x44,0x44,0x44,0x44,0xE6,0x00,0x00,0x00},
144, {0x00,0x00,0xFC,0x42,0x42,0x42,0x42,0x7C,0x40,0x40,0x40,0x40,0xE0,0x00,0x00,0x00},
145, {0x00,0x00,0x3E,0x42,0x82,0x80,0x80,0x80,0x80,0x82,0x82,0x44,0x38,0x00,0x00,0x00},
146, {0x00,0x00,0xFE,0x92,0x92,0x10,0x10,0x10,0x10,0x10,0x10,0x10,0x38,0x00,0x00,0x00},
147, {0x00,0x00,0xE6,0x42,0x42,0x24,0x24,0x28,0x28,0x10,0x10,0xA0,0xC0,0x00,0x00,0x00},
148, {0x00,0x00,0x7C,0x10,0x38,0x54,0x92,0x92,0x92,0x54,0x38,0x10,0x7C,0x00,0x00,0x00},
149, {0x00,0x00,0xC6,0x44,0x44,0x28,0x28,0x10,0x28,0x28,0x44,0x44,0xC6,0x00,0x00,0x00},
150, {0x00,0x00,0xE6,0x44,0x44,0x44,0x44,0x44,0x44,0x44,0x44,0x44,0x7E,0x02,0x02,0x00},
151, {0x00,0x00,0xE6,0x44,0x44,0x44,0x44,0x44,0x4C,0x34,0x04,0x04,0x0E,0x00,0x00,0x00},
152, {0x00,0x00,0x92,0x92,0x92,0x92,0x92,0x92,0x92,0x92,0x92,0x92,0xFE,0x00,0x00,0x00},
153, {0x00,0x00,0x92,0x92,0x92,0x92,0x92,0x92,0x92,0x92,0x92,0x92,0xFE,0x02,0x02,0x00},
154, {0x00,0x00,0xE0,0x20,0x20,0x20,0x20,0x38,0x24,0x22,0x22,0x22,0x3C,0x00,0x00,0x00},
155, {0x00,0x00,0xCE,0x84,0x84,0x84,0x84,0xC4,0xA4,0x94,0x94,0x94,0xE6,0x00,0x00,0x00},
156, {0x00,0x00,0xE0,0x40,0x40,0x40,0x40,0x78,0x44,0x42,0x42,0x42,0xFC,0x00,0x00,0x00},
157, {0x00,0x00,0x3C,0x42,0x02,0x02,0x02,0x3E,0x02,0x02,0x42,0x22,0x1C,0x00,0x00,0x00},
158, {0x00,0x00,0xCC,0x52,0x52,0x52,0x52,0x72,0x52,0x52,0x52,0x52,0xCC,0x00,0x00,0x00},
159, {0x00,0x00,0x7E,0x84,0x84,0x84,0x84,0x7C,0x44,0x44,0x84,0x84,0xC6,0x00,0x00,0x00},
160, {0x00,0x00,0x00,0x00,0x00,0x78,0x84,0x04,0x7C,0x84,0x84,0x8C,0x76,0x00,0x00,0x00},
161, {0x00,0x00,0x1C,0x20,0x40,0x5C,0x62,0x42,0x42,0x42,0x42,0x42,0x3C,0x00,0x00,0x00},
162, {0x00,0x00,0x00,0x00,0x00,0xFC,0x42,0x42,0x7C,0x42,0x42,0x42,0xFC,0x00,0x00,0x00},
163, {0x00,0x00,0x00,0x00,0x00,0x7E,0x22,0x20,0x20,0x20,0x20,0x20,0x70,0x00,0x00,0x00},
164, {0x00,0x00,0x00,0x00,0x00,0x3E,0x14,0x14,0x24,0x24,0x24,0x44,0x7E,0x42,0x00,0x00},
165, {0x00,0x00,0x00,0x00,0x00,0x3C,0x42,0x42,0x7E,0x40,0x40,0x42,0x3C,0x00,0x00,0x00},
166, {0x00,0x00,0x00,0x00,0x00,0xD6,0x54,0x54,0x38,0x54,0x54,0x54,0xD6,0x00,0x00,0x00},
167, {0x00,0x00,0x00,0x00,0x00,0x3C,0x42,0x02,0x1C,0x02,0x42,0x42,0x3C,0x00,0x00,0x00},
168, {0x00,0x00,0x00,0x00,0x00,0x62,0x46,0x4A,0x4A,0x52,0x52,0x62,0x46,0x00,0x00,0x00},
169, {0x00,0x44,0x38,0x00,0x00,0x62,0x46,0x4A,0x4A,0x52,0x52,0x62,0x46,0x00,0x00,0x00},
170, {0x00,0x00,0x00,0x00,0x00,0xCE,0x44,0x48,0x50,0x68,0x44,0x42,0xC6,0x00,0x00,0x00},
171, {0x00,0x00,0x00,0x00,0x00,0x7E,0x24,0x24,0x24,0x24,0x44,0x44,0x86,0x00,0x00,0x00},
172, {0x00,0x00,0x00,0x00,0x00,0x82,0xC6,0xC6,0xAA,0xAA,0x92,0x92,0xC6,0x00,0x00,0x00},
173, {0x00,0x00,0x00,0x00,0x00,0xE6,0x42,0x42,0x7E,0x42,0x42,0x42,0xE6,0x00,0x00,0x00},
174, {0x00,0x00,0x00,0x00,0x00,0x3C,0x42,0x42,0x42,0x42,0x42,0x42,0x3C,0x00,0x00,0x00},
175, {0x00,0x00,0x00,0x00,0x00,0xFE,0x44,0x44,0x44,0x44,0x44,0x44,0xE6,0x00,0x00,0x00},
176, {0x22,0x22,0x88,0x88,0x22,0x22,0x88,0x88,0x22,0x22,0x88,0x88,0x22,0x22,0x88,0x88},
177, {0x55,0x55,0xAA,0xAA,0x55,0x55,0xAA,0xAA,0x55,0x55,0xAA,0xAA,0x55,0x55,0xAA,0xAA},
178, {0xDB,0xDB,0x77,0x77,0xDB,0xDB,0xEE,0xEE,0xDB,0xDB,0x77,0x77,0xDB,0xDB,0xEE,0xEE},
179, {0x10,0x10,0x10,0x10,0x10,0x10,0x10,0x10,0x10,0x10,0x10,0x10,0x10,0x10,0x10,0x10},
180, {0x10,0x10,0x10,0x10,0x10,0x10,0x10,0x10,0xF0,0x10,0x10,0x10,0x10,0x10,0x10,0x10},
181, {0x44,0x38,0x00,0x30,0x10,0x28,0x28,0x44,0x44,0x7C,0x82,0x82,0xC6,0x00,0x00,0x00},
182, {0x00,0x44,0x38,0x00,0x00,0x78,0x84,0x04,0x7C,0x84,0x84,0x8C,0x76,0x00,0x00,0x00},
183, {0x44,0x38,0x00,0xFE,0x42,0x40,0x44,0x7C,0x44,0x40,0x40,0x42,0xFE,0x00,0x00,0x00},
184, {0x00,0x44,0x38,0x00,0x00,0x3C,0x42,0x42,0x7E,0x40,0x40,0x42,0x3C,0x00,0x00,0x00},
185, {0x44,0x38,0x00,0x38,0x44,0x82,0x82,0x82,0x82,0x82,0x82,0x44,0x38,0x00,0x00,0x00},
186, {0x00,0x44,0x38,0x00,0x00,0x3C,0x42,0x42,0x42,0x42,0x42,0x42,0x3C,0x00,0x00,0x00},
187, {0x44,0x38,0x00,0xE6,0x42,0x42,0x24,0x24,0x28,0x10,0x10,0xA0,0xC0,0x00,0x00,0x00},
188, {0x00,0x44,0x38,0x00,0x00,0xC6,0x82,0x82,0x44,0x44,0x28,0x28,0x10,0x10,0x60,0x00},
189, {0x6C,0x00,0x7C,0x10,0x10,0x10,0x10,0x10,0x10,0x10,0x10,0x10,0x7C,0x00,0x00,0x00},
190, {0x00,0x00,0x6C,0x00,0x00,0x38,0x08,0x08,0x08,0x08,0x08,0x08,0x7E,0x00,0x00,0x00},
191, {0x00,0x00,0x00,0x00,0x00,0x00,0x00,0x00,0xF0,0x10,0x10,0x10,0x10,0x10,0x10,0x10},
192, {0x10,0x10,0x10,0x10,0x10,0x10,0x10,0x10,0x1F,0x00,0x00,0x00,0x00,0x00,0x00,0x00},
193, {0x10,0x10,0x10,0x10,0x10,0x10,0x10,0x10,0xFF,0x00,0x00,0x00,0x00,0x00,0x00,0x00},
194, {0x00,0x00,0x00,0x00,0x00,0x00,0x00,0x00,0xFF,0x10,0x10,0x10,0x10,0x10,0x10,0x10},
195, {0x10,0x10,0x10,0x10,0x10,0x10,0x10,0x10,0x1F,0x10,0x10,0x10,0x10,0x10,0x10,0x10},
196, {0x00,0x00,0x00,0x00,0x00,0x00,0x00,0x00,0xFF,0x00,0x00,0x00,0x00,0x00,0x00,0x00},
197, {0x10,0x10,0x10,0x10,0x10,0x10,0x10,0x10,0xFF,0x10,0x10,0x10,0x10,0x10,0x10,0x10},
198, {0x10,0x28,0x44,0x10,0x10,0x28,0x28,0x44,0x44,0x7C,0x82,0x82,0xC6,0x00,0x00,0x00},
199, {0x00,0x10,0x28,0x44,0x00,0x78,0x84,0x04,0x7C,0x84,0x84,0x8C,0x76,0x00,0x00,0x00},
200, {0x10,0x28,0x44,0x00,0xFE,0x42,0x40,0x44,0x7C,0x44,0x40,0x42,0xFE,0x00,0x00,0x00},
201, {0x00,0x10,0x28,0x44,0x00,0x3C,0x42,0x42,0x7E,0x40,0x40,0x42,0x3C,0x00,0x00,0x00},
202, {0x10,0x28,0x44,0x00,0x7C,0x10,0x10,0x10,0x10,0x10,0x10,0x10,0x7C,0x00,0x00,0x00},
203, {0x00,0x10,0x28,0x44,0x00,0x38,0x08,0x08,0x08,0x08,0x08,0x08,0x7E,0x00,0x00,0x00},
204, {0x10,0x28,0x44,0x00,0x38,0x44,0x82,0x82,0x82,0x82,0x82,0x44,0x38,0x00,0x00,0x00},
205, {0x00,0x10,0x28,0x44,0x00,0x3C,0x42,0x42,0x42,0x42,0x42,0x42,0x3C,0x00,0x00,0x00},
206, {0x10,0x28,0x44,0x00,0xE6,0x42,0x42,0x42,0x42,0x42,0x42,0x44,0x38,0x00,0x00,0x00},
207, {0x00,0x10,0x28,0x44,0x00,0xC6,0x42,0x42,0x42,0x42,0x42,0x46,0x3A,0x00,0x00,0x00},
208, {0x00,0x00,0x00,0x00,0x00,0x00,0x00,0x00,0x00,0x00,0x00,0x00,0xFF,0x00,0xFF,0x00},
209, {0x00,0x06,0x0A,0x08,0x08,0x10,0x10,0x10,0x10,0x10,0x10,0x10,0x10,0x10,0x10,0x10},
210, {0x10,0x10,0x10,0x10,0x10,0x10,0x10,0x10,0x10,0x10,0x10,0x20,0x20,0xA0,0xC0,0x00},
211, {0x00,0x00,0x00,0x00,0x10,0x10,0x00,0x00,0x10,0x10,0x10,0x38,0x38,0x38,0x10,0x00},
212, {0x00,0x00,0x00,0x00,0x10,0x10,0x00,0x10,0x10,0x20,0x40,0x80,0x82,0x82,0x7C,0x00},
213, {0x32,0x4C,0x00,0xC6,0x42,0x62,0x52,0x52,0x4A,0x4A,0x46,0x42,0xE2,0x00,0x00,0x00},
214, {0x00,0x32,0x4C,0x00,0x00,0xDC,0x62,0x42,0x42,0x42,0x42,0x42,0xE6,0x00,0x00,0x00},
215, {0x18,0x60,0x00,0xC6,0x82,0x44,0x44,0x28,0x28,0x10,0x10,0x10,0x38,0x00,0x00,0x00},
216, {0x00,0x18,0x60,0x00,0x00,0xC6,0x82,0x82,0x44,0x44,0x28,0x28,0x10,0x10,0x60,0x00},
217, {0x10,0x10,0x10,0x10,0x10,0x10,0x10,0x10,0xF0,0x00,0x00,0x00,0x00,0x00,0x00,0x00},
218, {0x00,0x00,0x00,0x00,0x00,0x00,0x00,0x00,0x1F,0x10,0x10,0x10,0x10,0x10,0x10,0x10},
219, {0xFF,0xFF,0xFF,0xFF,0xFF,0xFF,0xFF,0xFF,0xFF,0xFF,0xFF,0xFF,0xFF,0xFF,0xFF,0xFF},
220, {0x00,0x00,0x3E,0x1A,0x28,0x28,0x28,0x4E,0x48,0x78,0x88,0x8A,0xCE,0x00,0x00,0x00},
221, {0x00,0x00,0x00,0x00,0x00,0x6C,0x92,0x12,0x7E,0x90,0x90,0x92,0x6C,0x00,0x00,0x00},
222, {0x00,0x00,0x3E,0x4A,0x88,0x88,0x88,0x8E,0x88,0x88,0x88,0x4A,0x3E,0x00,0x00,0x00},
223, {0x00,0x00,0x00,0x00,0x00,0x6C,0x92,0x92,0x9E,0x90,0x90,0x92,0x6C,0x00,0x00,0x00},
224, {0x00,0x00,0x00,0x00,0x00,0xDC,0x62,0x42,0x42,0x42,0x62,0x5C,0x40,0x40,0xE0,0x00},
225, {0x00,0x00,0x00,0x00,0x00,0x3E,0x42,0x40,0x40,0x40,0x42,0x42,0x3C,0x00,0x00,0x00},
226, {0x00,0x00,0x00,0x00,0x00,0xFE,0x92,0x10,0x10,0x10,0x10,0x10,0x38,0x00,0x00,0x00},
227, {0x00,0x00,0x00,0x00,0x00,0xC6,0x82,0x82,0x44,0x44,0x28,0x28,0x10,0x10,0x60,0x00},
228, {0x00,0x00,0x38,0x10,0x10,0x38,0x54,0x92,0x92,0x92,0x54,0x38,0x10,0x10,0x38,0x00},
229, {0x00,0x00,0x00,0x00,0x00,0xEE,0x44,0x28,0x10,0x10,0x28,0x44,0xEE,0x00,0x00,0x00},
230, {0x00,0x00,0x00,0x00,0x00,0xE6,0x44,0x44,0x44,0x44,0x44,0x44,0x7E,0x02,0x02,0x00},
231, {0x00,0x00,0x00,0x00,0x00,0xE6,0x44,0x44,0x44,0x4C,0x34,0x04,0x0E,0x00,0x00,0x00},
232, {0x00,0x00,0x00,0x00,0x00,0x92,0x92,0x92,0x92,0x92,0x92,0x92,0xFE,0x00,0x00,0x00},
233, {0x00,0x00,0x00,0x00,0x00,0x92,0x92,0x92,0x92,0x92,0x92,0x92,0xFE,0x02,0x02,0x00},
234, {0x00,0x00,0x00,0x00,0x00,0xE0,0x20,0x20,0x3C,0x22,0x22,0x22,0x3C,0x00,0x00,0x00},
235, {0x00,0x00,0x00,0x00,0x00,0xCE,0x84,0x84,0xE4,0x94,0x94,0x94,0xE6,0x00,0x00,0x00},
236, {0x00,0x00,0x00,0x00,0x00,0xE0,0x40,0x40,0x7C,0x42,0x42,0x42,0x7C,0x00,0x00,0x00},
237, {0x00,0x00,0x00,0x00,0x00,0x3C,0x42,0x02,0x1E,0x02,0x02,0x42,0x3C,0x00,0x00,0x00},
238, {0x00,0x00,0x00,0x00,0x00,0xCC,0x52,0x52,0x72,0x52,0x52,0x52,0xCC,0x00,0x00,0x00},
239, {0x00,0x00,0x00,0x00,0x00,0x3E,0x44,0x44,0x44,0x3C,0x24,0x44,0x66,0x00,0x00,0x00},
240, {0x00,0x10,0x20,0x20,0x30,0x00,0x00,0x00,0x00,0x00,0x00,0x00,0x00,0x00,0x00,0x00},
241, {0x00,0x30,0x10,0x10,0x20,0x00,0x00,0x00,0x00,0x00,0x00,0x00,0x00,0x00,0x00,0x00},
242, {0x00,0x00,0x00,0x00,0x00,0x00,0x00,0x00,0x00,0x00,0x00,0x30,0x10,0x10,0x20,0x00},
243, {0x00,0x30,0x20,0x20,0x10,0x00,0x00,0x00,0x00,0x00,0x00,0x00,0x00,0x00,0x00,0x00},
244, {0x00,0x24,0x48,0x48,0x6C,0x00,0x00,0x00,0x00,0x00,0x00,0x00,0x00,0x00,0x00,0x00},
245, {0x00,0x6C,0x24,0x24,0x48,0x00,0x00,0x00,0x00,0x00,0x00,0x00,0x00,0x00,0x00,0x00},
246, {0x00,0x00,0x00,0x00,0x00,0x00,0x00,0x00,0x00,0x00,0x00,0x6C,0x24,0x24,0x48,0x00},
247, {0x00,0x6C,0x48,0x48,0x24,0x00,0x00,0x00,0x00,0x00,0x00,0x00,0x00,0x00,0x00,0x00},
248, {0x00,0x18,0x24,0x24,0x18,0x00,0x00,0x00,0x00,0x00,0x00,0x00,0x00,0x00,0x00,0x00},
249, {0x00,0x00,0x00,0x00,0x00,0xCC,0x44,0x44,0x44,0x44,0x44,0x64,0x5A,0x40,0x40,0x00},
250, {0x6C,0x00,0xFE,0x42,0x40,0x40,0x44,0x7C,0x44,0x40,0x40,0x42,0xFE,0x00,0x00,0x00},
251, {0x00,0x00,0x6C,0x00,0x00,0x3C,0x42,0x42,0x7E,0x40,0x40,0x42,0x3C,0x00,0x00,0x00},
252, {0x00,0x00,0x00,0x00,0x12,0x24,0x48,0x90,0x48,0x24,0x12,0x00,0x00,0x00,0x00,0x00},
253, {0x00,0x00,0x00,0x00,0x90,0x48,0x24,0x12,0x24,0x48,0x90,0x00,0x00,0x00,0x00,0x00},
254, {0x00,0xFF,0x00,0x00,0x00,0x00,0x00,0x00,0x00,0x00,0x00,0x00,0x00,0x00,0x00,0x00},
255, {0x00,0x00,0x00,0x00,0x00,0x00,0x00,0x00,0x00,0x00,0x00,0x92,0x92,0x00,0x00,0x00}
};

// THINCAPS.F14.inc
static Glyph14 font14[] = {
0, {0x00,0x00,0x00,0x00,0x00,0x00,0x00,0x00,0x00,0x00,0x00,0x00,0x00,0x00},
1, {0x00,0x00,0x7E,0x81,0xA5,0x81,0x81,0xBD,0x99,0x81,0x7E,0x00,0x00,0x00},
2, {0x00,0x00,0x7E,0xFF,0xDB,0xFF,0xFF,0xC3,0xE7,0xFF,0x7E,0x00,0x00,0x00},
3, {0x00,0x00,0x00,0x6C,0xFE,0xFE,0xFE,0xFE,0x7C,0x38,0x10,0x00,0x00,0x00},
4, {0x00,0x00,0x00,0x10,0x38,0x7C,0xFE,0x7C,0x38,0x10,0x00,0x00,0x00,0x00},
5, {0x00,0x00,0x18,0x3C,0x3C,0xE7,0xE7,0xE7,0x18,0x18,0x3C,0x00,0x00,0x00},
6, {0x00,0x00,0x18,0x3C,0x7E,0xFF,0xFF,0x7E,0x18,0x18,0x3C,0x00,0x00,0x00},
7, {0x00,0x00,0x00,0x00,0x00,0x18,0x3C,0x3C,0x18,0x00,0x00,0x00,0x00,0x00},
8, {0xFF,0xFF,0xFF,0xFF,0xFF,0xE7,0xC3,0xC3,0xE7,0xFF,0xFF,0xFF,0xFF,0xFF},
9, {0x00,0x00,0x00,0x00,0x3C,0x66,0x42,0x42,0x66,0x3C,0x00,0x00,0x00,0x00},
10, {0xFF,0xFF,0xFF,0xFF,0xC3,0x99,0xBD,0xBD,0x99,0xC3,0xFF,0xFF,0xFF,0xFF},
11, {0x00,0x00,0x0E,0x06,0x0A,0x10,0x3C,0x42,0x42,0x42,0x3C,0x00,0x00,0x00},
12, {0x00,0x00,0x3C,0x42,0x42,0x42,0x3C,0x10,0x7C,0x10,0x10,0x00,0x00,0x00},
13, {0x00,0x00,0x3E,0x20,0x3E,0x20,0x20,0x20,0x60,0xE0,0xC0,0x00,0x00,0x00},
14, {0x00,0x00,0x3F,0x21,0x3F,0x21,0x21,0x21,0x23,0x67,0xE6,0xC0,0x00,0x00},
15, {0x00,0x00,0x10,0x92,0x54,0x38,0xEE,0x38,0x54,0x92,0x10,0x00,0x00,0x00},
16, {0x00,0x00,0x80,0xC0,0xE0,0xF8,0xFE,0xF8,0xE0,0xC0,0x80,0x00,0x00,0x00},
17, {0x00,0x00,0x02,0x06,0x0E,0x3E,0xFE,0x3E,0x0E,0x06,0x02,0x00,0x00,0x00},
18, {0x00,0x00,0x10,0x38,0x7C,0x10,0x10,0x10,0x7C,0x38,0x10,0x00,0x00,0x00},
19, {0x00,0x00,0x24,0x24,0x24,0x24,0x24,0x24,0x00,0x24,0x24,0x00,0x00,0x00},
20, {0x00,0x00,0x3E,0x52,0x52,0x52,0x32,0x12,0x12,0x12,0x12,0x00,0x00,0x00},
21, {0x00,0x3C,0x42,0x20,0x18,0x24,0x42,0x42,0x24,0x18,0x04,0x42,0x3C,0x00},
22, {0x00,0x00,0x00,0x00,0x00,0x00,0x00,0x00,0xFE,0xFE,0xFE,0x00,0x00,0x00},
23, {0x00,0x00,0x10,0x38,0x7C,0x10,0x10,0x10,0x7C,0x38,0x10,0x7C,0x00,0x00},
24, {0x00,0x00,0x10,0x38,0x7C,0x10,0x10,0x10,0x10,0x10,0x10,0x00,0x00,0x00},
25, {0x00,0x00,0x10,0x10,0x10,0x10,0x10,0x10,0x7C,0x38,0x10,0x00,0x00,0x00},
26, {0x00,0x00,0x00,0x00,0x04,0x02,0xFF,0x02,0x04,0x00,0x00,0x00,0x00,0x00},
27, {0x00,0x00,0x00,0x00,0x20,0x40,0xFF,0x40,0x20,0x00,0x00,0x00,0x00,0x00},
28, {0x00,0x00,0x00,0x00,0x00,0x80,0x80,0x80,0xFE,0x00,0x00,0x00,0x00,0x00},
29, {0x00,0x00,0x00,0x00,0x24,0x66,0xFF,0x66,0x24,0x00,0x00,0x00,0x00,0x00},
30, {0x00,0x00,0x00,0x10,0x38,0x38,0x7C,0x7C,0xFE,0xFE,0x00,0x00,0x00,0x00},
31, {0x00,0x00,0x00,0xFE,0xFE,0x7C,0x7C,0x38,0x38,0x10,0x00,0x00,0x00,0x00},
32, {0x00,0x00,0x00,0x00,0x00,0x00,0x00,0x00,0x00,0x00,0x00,0x00,0x00,0x00},
33, {0x00,0x00,0x10,0x38,0x38,0x10,0x10,0x10,0x00,0x10,0x10,0x00,0x00,0x00},
34, {0x00,0x00,0x24,0x24,0x24,0x00,0x00,0x00,0x00,0x00,0x00,0x00,0x00,0x00},
35, {0x00,0x00,0x24,0x24,0x7E,0x24,0x24,0x7E,0x24,0x24,0x24,0x00,0x00,0x00},
36, {0x00,0x00,0x10,0x7C,0x92,0x90,0x7C,0x12,0x92,0x7C,0x10,0x00,0x00,0x00},
37, {0x00,0x00,0xE2,0xE6,0x0C,0x18,0x30,0x60,0xCE,0x8E,0x00,0x00,0x00,0x00},
38, {0x00,0x00,0x38,0x44,0x28,0x10,0x2E,0x44,0x84,0x8C,0x72,0x00,0x00,0x00},
39, {0x00,0x00,0x10,0x10,0x20,0x40,0x00,0x00,0x00,0x00,0x00,0x00,0x00,0x00},
40, {0x00,0x04,0x08,0x10,0x20,0x20,0x20,0x20,0x10,0x08,0x04,0x00,0x00,0x00},
41, {0x00,0x20,0x10,0x08,0x04,0x04,0x04,0x04,0x08,0x10,0x20,0x00,0x00,0x00},
42, {0x00,0x00,0x00,0x10,0x54,0x38,0xFE,0x38,0x54,0x10,0x00,0x00,0x00,0x00},
43, {0x00,0x00,0x00,0x10,0x10,0x10,0xFE,0x10,0x10,0x10,0x00,0x00,0x00,0x00},
44, {0x00,0x00,0x00,0x00,0x00,0x00,0x00,0x00,0x10,0x10,0x20,0x40,0x00,0x00},
45, {0x00,0x00,0x00,0x00,0x00,0x00,0xFE,0x00,0x00,0x00,0x00,0x00,0x00,0x00},
46, {0x00,0x00,0x00,0x00,0x00,0x00,0x00,0x00,0x00,0x10,0x10,0x00,0x00,0x00},
47, {0x00,0x04,0x04,0x08,0x08,0x10,0x10,0x20,0x20,0x40,0x40,0x00,0x00,0x00},
48, {0x00,0x00,0x7C,0x82,0x86,0x8A,0x92,0xA2,0xC2,0x82,0x7C,0x00,0x00,0x00},
49, {0x00,0x00,0x10,0x30,0x50,0x90,0x10,0x10,0x10,0x10,0xFE,0x00,0x00,0x00},
50, {0x00,0x00,0x7C,0x82,0x02,0x06,0x18,0x60,0x80,0x82,0xFE,0x00,0x00,0x00},
51, {0x00,0x00,0x7C,0x82,0x02,0x02,0x3C,0x02,0x02,0x82,0x7C,0x00,0x00,0x00},
52, {0x00,0x00,0x84,0x84,0x84,0x84,0x84,0xFE,0x04,0x04,0x3E,0x00,0x00,0x00},
53, {0x00,0x00,0xFE,0x80,0x80,0xFC,0x02,0x02,0x02,0x02,0xFC,0x00,0x00,0x00},
54, {0x00,0x00,0x3C,0x40,0x80,0x80,0xFC,0x82,0x82,0x82,0x7C,0x00,0x00,0x00},
55, {0x00,0x00,0xFE,0x82,0x02,0x04,0x08,0x10,0x10,0x10,0x10,0x00,0x00,0x00},
56, {0x00,0x00,0x7C,0x82,0x82,0x82,0x7C,0x82,0x82,0x82,0x7C,0x00,0x00,0x00},
57, {0x00,0x00,0x7C,0x82,0x82,0x82,0x7E,0x02,0x02,0x04,0x78,0x00,0x00,0x00},
58, {0x00,0x00,0x00,0x00,0x10,0x10,0x00,0x00,0x10,0x10,0x00,0x00,0x00,0x00},
59, {0x00,0x00,0x00,0x00,0x10,0x10,0x00,0x00,0x10,0x10,0x20,0x40,0x00,0x00},
60, {0x00,0x04,0x08,0x10,0x20,0x40,0x40,0x20,0x10,0x08,0x04,0x00,0x00,0x00},
61, {0x00,0x00,0x00,0x00,0x00,0xFE,0x00,0x00,0xFE,0x00,0x00,0x00,0x00,0x00},
62, {0x00,0x40,0x20,0x10,0x08,0x04,0x04,0x08,0x10,0x20,0x40,0x00,0x00,0x00},
63, {0x00,0x00,0x3C,0x42,0x42,0x04,0x08,0x08,0x00,0x08,0x08,0x00,0x00,0x00},
64, {0x00,0x00,0x38,0x44,0x82,0x8E,0x92,0x92,0x8C,0x40,0x3C,0x00,0x00,0x00},
65, {0x00,0x00,0x10,0x28,0x44,0x82,0x82,0xFE,0x82,0x82,0x82,0x00,0x00,0x00},
66, {0x00,0x00,0xF8,0x84,0x82,0x84,0xF8,0x84,0x82,0x82,0xFC,0x00,0x00,0x00},
67, {0x00,0x00,0x38,0x44,0x82,0x80,0x80,0x80,0x82,0x44,0x38,0x00,0x00,0x00},
68, {0x00,0x00,0xF8,0x84,0x82,0x82,0x82,0x82,0x82,0x84,0xF8,0x00,0x00,0x00},
69, {0x00,0x00,0xFE,0x80,0x80,0x80,0xF8,0x80,0x80,0x80,0xFE,0x00,0x00,0x00},
70, {0x00,0x00,0xFE,0x80,0x80,0x80,0xFC,0x80,0x80,0x80,0x80,0x00,0x00,0x00},
71, {0x00,0x00,0x38,0x44,0x80,0x80,0x9E,0x82,0x82,0x44,0x38,0x00,0x00,0x00},
72, {0x00,0x00,0x82,0x82,0x82,0x82,0xFE,0x82,0x82,0x82,0x82,0x00,0x00,0x00},
73, {0x00,0x00,0x7C,0x10,0x10,0x10,0x10,0x10,0x10,0x10,0x7C,0x00,0x00,0x00},
74, {0x00,0x00,0x3E,0x04,0x04,0x04,0x04,0x84,0x84,0x48,0x30,0x00,0x00,0x00},
75, {0x00,0x00,0x84,0x88,0x90,0xA0,0xE0,0x90,0x88,0x84,0x82,0x00,0x00,0x00},
76, {0x00,0x00,0x80,0x80,0x80,0x80,0x80,0x80,0x80,0x80,0xFE,0x00,0x00,0x00},
77, {0x00,0x00,0x82,0xC6,0xAA,0x92,0x82,0x82,0x82,0x82,0x82,0x00,0x00,0x00},
78, {0x00,0x00,0xC2,0xA2,0xA2,0x92,0x92,0x8A,0x8A,0x86,0x86,0x00,0x00,0x00},
79, {0x00,0x00,0x38,0x44,0x82,0x82,0x82,0x82,0x82,0x44,0x38,0x00,0x00,0x00},
80, {0x00,0x00,0xF8,0x84,0x82,0x84,0xF8,0x80,0x80,0x80,0x80,0x00,0x00,0x00},
81, {0x00,0x00,0x38,0x44,0x82,0x82,0xA2,0x92,0x8A,0x44,0x3A,0x00,0x00,0x00},
82, {0x00,0x00,0xF8,0x84,0x82,0x84,0xF8,0x90,0x88,0x84,0x82,0x00,0x00,0x00},
83, {0x00,0x00,0x7C,0x82,0x80,0x80,0x7C,0x02,0x02,0x82,0x7C,0x00,0x00,0x00},
84, {0x00,0x00,0xFE,0x10,0x10,0x10,0x10,0x10,0x10,0x10,0x10,0x00,0x00,0x00},
85, {0x00,0x00,0x82,0x82,0x82,0x82,0x82,0x82,0x82,0x44,0x38,0x00,0x00,0x00},
86, {0x00,0x00,0x82,0x82,0x44,0x44,0x44,0x28,0x28,0x28,0x10,0x00,0x00,0x00},
87, {0x00,0x00,0x82,0x82,0x82,0x82,0x82,0x92,0xAA,0xC6,0x82,0x00,0x00,0x00},
88, {0x00,0x00,0x82,0x44,0x28,0x10,0x10,0x28,0x44,0x44,0x82,0x00,0x00,0x00},
89, {0x00,0x00,0x82,0x82,0x82,0x44,0x28,0x10,0x10,0x10,0x10,0x00,0x00,0x00},
90, {0x00,0x00,0xFE,0x02,0x04,0x08,0x10,0x20,0x40,0x80,0xFE,0x00,0x00,0x00},
91, {0x00,0x38,0x20,0x20,0x20,0x20,0x20,0x20,0x20,0x20,0x38,0x00,0x00,0x00},
92, {0x00,0x40,0x40,0x20,0x20,0x10,0x10,0x08,0x08,0x04,0x04,0x00,0x00,0x00},
93, {0x00,0x38,0x08,0x08,0x08,0x08,0x08,0x08,0x08,0x08,0x38,0x00,0x00,0x00},
94, {0x10,0x28,0x44,0x82,0x00,0x00,0x00,0x00,0x00,0x00,0x00,0x00,0x00,0x00},
95, {0x00,0x00,0x00,0x00,0x00,0x00,0x00,0x00,0x00,0x00,0x00,0x00,0xFF,0x00},
96, {0x00,0x00,0x08,0x08,0x04,0x02,0x00,0x00,0x00,0x00,0x00,0x00,0x00,0x00},
97, {0x00,0x00,0x00,0x00,0x18,0x24,0x42,0x42,0x7E,0x42,0x42,0x00,0x00,0x00},
98, {0x00,0x00,0x00,0x00,0x7C,0x42,0x42,0x7C,0x42,0x42,0x7C,0x00,0x00,0x00},
99, {0x00,0x00,0x00,0x00,0x1C,0x22,0x40,0x40,0x40,0x22,0x1C,0x00,0x00,0x00},
100, {0x00,0x00,0x00,0x00,0x78,0x44,0x42,0x42,0x42,0x44,0x78,0x00,0x00,0x00},
101, {0x00,0x00,0x00,0x00,0x7E,0x40,0x40,0x7C,0x40,0x40,0x7E,0x00,0x00,0x00},
102, {0x00,0x00,0x00,0x00,0x7E,0x40,0x40,0x7C,0x40,0x40,0x40,0x00,0x00,0x00},
103, {0x00,0x00,0x00,0x00,0x1C,0x20,0x40,0x4E,0x42,0x22,0x1E,0x00,0x00,0x00},
104, {0x00,0x00,0x00,0x00,0x42,0x42,0x42,0x7E,0x42,0x42,0x42,0x00,0x00,0x00},
105, {0x00,0x00,0x00,0x00,0x7C,0x10,0x10,0x10,0x10,0x10,0x7C,0x00,0x00,0x00},
106, {0x00,0x00,0x00,0x00,0x3E,0x04,0x04,0x04,0x44,0x44,0x38,0x00,0x00,0x00},
107, {0x00,0x00,0x00,0x00,0x42,0x44,0x48,0x50,0x68,0x44,0x42,0x00,0x00,0x00},
108, {0x00,0x00,0x00,0x00,0x40,0x40,0x40,0x40,0x40,0x40,0x7E,0x00,0x00,0x00},
109, {0x00,0x00,0x00,0x00,0x82,0xC6,0xAA,0x92,0x82,0x82,0x82,0x00,0x00,0x00},
110, {0x00,0x00,0x00,0x00,0x42,0x62,0x52,0x4A,0x46,0x42,0x42,0x00,0x00,0x00},
111, {0x00,0x00,0x00,0x00,0x3C,0x42,0x42,0x42,0x42,0x42,0x3C,0x00,0x00,0x00},
112, {0x00,0x00,0x00,0x00,0x7C,0x42,0x42,0x7C,0x40,0x40,0x40,0x00,0x00,0x00},
113, {0x00,0x00,0x00,0x00,0x3C,0x42,0x42,0x52,0x4A,0x44,0x3A,0x00,0x00,0x00},
114, {0x00,0x00,0x00,0x00,0x7C,0x42,0x42,0x7C,0x48,0x44,0x42,0x00,0x00,0x00},
115, {0x00,0x00,0x00,0x00,0x3E,0x40,0x40,0x3C,0x02,0x02,0x7C,0x00,0x00,0x00},
116, {0x00,0x00,0x00,0x00,0xFE,0x10,0x10,0x10,0x10,0x10,0x10,0x00,0x00,0x00},
117, {0x00,0x00,0x00,0x00,0x42,0x42,0x42,0x42,0x42,0x42,0x3C,0x00,0x00,0x00},
118, {0x00,0x00,0x00,0x00,0x82,0x82,0x44,0x44,0x28,0x28,0x10,0x00,0x00,0x00},
119, {0x00,0x00,0x00,0x00,0x82,0x82,0x82,0x92,0xAA,0xC6,0x82,0x00,0x00,0x00},
120, {0x00,0x00,0x00,0x00,0x82,0x44,0x28,0x10,0x28,0x44,0x82,0x00,0x00,0x00},
121, {0x00,0x00,0x00,0x00,0x82,0x44,0x28,0x10,0x10,0x10,0x10,0x00,0x00,0x00},
122, {0x00,0x00,0x00,0x00,0x7E,0x04,0x08,0x10,0x20,0x40,0x7E,0x00,0x00,0x00},
123, {0x00,0x0C,0x10,0x10,0x10,0x10,0x60,0x10,0x10,0x10,0x10,0x0C,0x00,0x00},
124, {0x00,0x10,0x10,0x10,0x10,0x10,0x00,0x10,0x10,0x10,0x10,0x10,0x00,0x00},
125, {0x00,0x60,0x10,0x10,0x10,0x10,0x0C,0x10,0x10,0x10,0x10,0x60,0x00,0x00},
126, {0x00,0x00,0x32,0x4C,0x00,0x00,0x00,0x00,0x00,0x00,0x00,0x00,0x00,0x00},
127, {0x00,0x00,0x00,0x00,0x00,0x00,0x00,0x00,0x00,0x00,0x00,0xFF,0x00,0xFF},
128, {0x00,0x00,0x18,0x24,0x42,0x40,0x40,0x42,0x24,0x18,0x08,0x04,0x7C,0x00},
129, {0x00,0x00,0x44,0x44,0x00,0x44,0x44,0x44,0x44,0x44,0x3A,0x00,0x00,0x00},
130, {0x00,0x0C,0x30,0x00,0x00,0x3C,0x42,0x7E,0x40,0x42,0x3C,0x00,0x00,0x00},
131, {0x00,0x18,0x24,0x42,0x00,0x3E,0x42,0x42,0x46,0x4A,0x32,0x00,0x00,0x00},
132, {0x00,0x24,0x24,0x00,0x00,0x3E,0x42,0x42,0x46,0x4A,0x32,0x00,0x00,0x00},
133, {0x00,0x30,0x0C,0x00,0x00,0x3E,0x42,0x42,0x46,0x4A,0x32,0x00,0x00,0x00},
134, {0x00,0x18,0x24,0x18,0x00,0x3E,0x42,0x42,0x46,0x4A,0x32,0x00,0x00,0x00},
135, {0x00,0x00,0x00,0x00,0x3C,0x42,0x40,0x46,0x34,0x0C,0x06,0x3C,0x00,0x00},
136, {0x00,0x18,0x24,0x42,0x00,0x3C,0x42,0x7E,0x40,0x40,0x3E,0x00,0x00,0x00},
137, {0x00,0x24,0x24,0x00,0x00,0x3C,0x42,0x7E,0x40,0x40,0x3E,0x00,0x00,0x00},
138, {0x00,0x30,0x0C,0x00,0x00,0x3C,0x42,0x7E,0x40,0x40,0x3E,0x00,0x00,0x00},
139, {0x00,0x00,0x44,0x44,0x00,0x10,0x10,0x10,0x10,0x10,0x0E,0x00,0x00,0x00},
140, {0x00,0x10,0x28,0x44,0x00,0x10,0x10,0x10,0x10,0x10,0x0E,0x00,0x00,0x00},
141, {0x00,0x30,0x0C,0x00,0x00,0x10,0x10,0x10,0x10,0x10,0x0E,0x00,0x00,0x00},
142, {0x42,0x42,0x00,0x18,0x24,0x42,0x42,0x42,0x7E,0x42,0x42,0x00,0x00,0x00},
143, {0x18,0x24,0x18,0x00,0x18,0x24,0x42,0x42,0x7E,0x42,0x42,0x00,0x00,0x00},
144, {0x0C,0x30,0x00,0x00,0x7E,0x40,0x40,0x78,0x40,0x40,0x7E,0x00,0x00,0x00},
145, {0x00,0x00,0x00,0x00,0x8C,0x52,0x22,0x54,0x88,0x88,0x76,0x00,0x00,0x00},
146, {0x00,0x00,0x1F,0x28,0x48,0x88,0xFE,0x88,0x88,0x88,0x8F,0x00,0x00,0x00},
147, {0x00,0x18,0x24,0x42,0x00,0x3C,0x42,0x42,0x42,0x42,0x3C,0x00,0x00,0x00},
148, {0x00,0x24,0x24,0x00,0x00,0x3C,0x42,0x42,0x42,0x42,0x3C,0x00,0x00,0x00},
149, {0x00,0x30,0x0C,0x00,0x00,0x3C,0x42,0x42,0x42,0x42,0x3C,0x00,0x00,0x00},
150, {0x00,0x18,0x24,0x42,0x00,0x42,0x42,0x42,0x46,0x4A,0x32,0x00,0x00,0x00},
151, {0x00,0x30,0x0C,0x00,0x00,0x42,0x42,0x42,0x46,0x4A,0x32,0x00,0x00,0x00},
152, {0x00,0x24,0x24,0x00,0x00,0x42,0x42,0x42,0x46,0x4A,0x32,0x02,0x02,0x7C},
153, {0x42,0x42,0x00,0x3C,0x42,0x42,0x42,0x42,0x42,0x42,0x3C,0x00,0x00,0x00},
154, {0x42,0x42,0x00,0x42,0x42,0x42,0x42,0x42,0x42,0x42,0x3C,0x00,0x00,0x00},
155, {0x00,0x08,0x08,0x3E,0x40,0x40,0x40,0x40,0x3E,0x08,0x08,0x00,0x00,0x00},
156, {0x00,0x18,0x24,0x22,0x20,0x78,0x20,0x20,0x20,0x22,0xFC,0x00,0x00,0x00},
157, {0x00,0x00,0x82,0x44,0x28,0x10,0x7C,0x10,0x7C,0x10,0x10,0x00,0x00,0x00},
158, {0x00,0xF0,0x88,0x88,0xF0,0x88,0x88,0xBE,0x88,0x88,0x86,0x00,0x00,0x00},
159, {0x00,0x0C,0x12,0x10,0x10,0x10,0x7C,0x10,0x10,0x10,0x10,0x90,0x60,0x00},
160, {0x00,0x08,0x10,0x20,0x00,0x38,0x04,0x3C,0x44,0x44,0x3A,0x00,0x00,0x00},
161, {0x00,0x08,0x10,0x20,0x00,0x30,0x10,0x10,0x10,0x10,0x38,0x00,0x00,0x00},
162, {0x00,0x04,0x08,0x10,0x00,0x3C,0x42,0x42,0x42,0x42,0x3C,0x00,0x00,0x00},
163, {0x00,0x08,0x10,0x20,0x00,0x44,0x44,0x44,0x44,0x44,0x3A,0x00,0x00,0x00},
164, {0x00,0x00,0x32,0x4C,0x00,0x5C,0x22,0x22,0x22,0x22,0x22,0x00,0x00,0x00},
165, {0x32,0x4C,0x00,0x42,0x42,0x62,0x52,0x4A,0x46,0x42,0x42,0x00,0x00,0x00},
166, {0x00,0x3C,0x44,0x44,0x3A,0x00,0x7E,0x00,0x00,0x00,0x00,0x00,0x00,0x00},
167, {0x00,0x38,0x44,0x44,0x38,0x00,0x7C,0x00,0x00,0x00,0x00,0x00,0x00,0x00},
168, {0x00,0x00,0x10,0x10,0x00,0x10,0x10,0x20,0x42,0x42,0x3C,0x00,0x00,0x00},
169, {0x00,0x00,0x00,0x00,0x00,0x00,0xFE,0x80,0x80,0x80,0x00,0x00,0x00,0x00},
170, {0x00,0x00,0x00,0x00,0x00,0x00,0xFE,0x02,0x02,0x02,0x00,0x00,0x00,0x00},
171, {0x00,0x80,0x82,0x84,0x88,0x90,0x20,0x40,0x9C,0x02,0x0C,0x10,0x3E,0x00},
172, {0x00,0x80,0x82,0x84,0x88,0x90,0x22,0x46,0x8A,0x12,0x3E,0x02,0x02,0x00},
173, {0x00,0x00,0x10,0x10,0x00,0x10,0x10,0x38,0x38,0x38,0x10,0x00,0x00,0x00},
174, {0x00,0x00,0x00,0x00,0x12,0x24,0x48,0x24,0x12,0x00,0x00,0x00,0x00,0x00},
175, {0x00,0x00,0x00,0x00,0x48,0x24,0x12,0x24,0x48,0x00,0x00,0x00,0x00,0x00},
176, {0x11,0x44,0x11,0x44,0x11,0x44,0x11,0x44,0x11,0x44,0x11,0x44,0x11,0x44},
177, {0x55,0xAA,0x55,0xAA,0x55,0xAA,0x55,0xAA,0x55,0xAA,0x55,0xAA,0x55,0xAA},
178, {0xDD,0x77,0xDD,0x77,0xDD,0x77,0xDD,0x77,0xDD,0x77,0xDD,0x77,0xDD,0x77},
179, {0x10,0x10,0x10,0x10,0x10,0x10,0x10,0x10,0x10,0x10,0x10,0x10,0x10,0x10},
180, {0x10,0x10,0x10,0x10,0x10,0x10,0x10,0xF0,0x10,0x10,0x10,0x10,0x10,0x10},
181, {0x10,0x10,0x10,0x10,0x10,0xF0,0x10,0xF0,0x10,0x10,0x10,0x10,0x10,0x10},
182, {0x24,0x24,0x24,0x24,0x24,0x24,0x24,0xE4,0x24,0x24,0x24,0x24,0x24,0x24},
183, {0x00,0x00,0x00,0x00,0x00,0x00,0x00,0xFC,0x24,0x24,0x24,0x24,0x24,0x24},
184, {0x00,0x00,0x00,0x00,0x00,0xF0,0x10,0xF0,0x10,0x10,0x10,0x10,0x10,0x10},
185, {0x24,0x24,0x24,0x24,0x24,0xE4,0x04,0xE4,0x24,0x24,0x24,0x24,0x24,0x24},
186, {0x24,0x24,0x24,0x24,0x24,0x24,0x24,0x24,0x24,0x24,0x24,0x24,0x24,0x24},
187, {0x00,0x00,0x00,0x00,0x00,0xFC,0x04,0xE4,0x24,0x24,0x24,0x24,0x24,0x24},
188, {0x24,0x24,0x24,0x24,0x24,0xE4,0x04,0xFC,0x00,0x00,0x00,0x00,0x00,0x00},
189, {0x24,0x24,0x24,0x24,0x24,0x24,0x24,0xFC,0x00,0x00,0x00,0x00,0x00,0x00},
190, {0x10,0x10,0x10,0x10,0x10,0xF0,0x10,0xF0,0x00,0x00,0x00,0x00,0x00,0x00},
191, {0x00,0x00,0x00,0x00,0x00,0x00,0x00,0xF0,0x10,0x10,0x10,0x10,0x10,0x10},
192, {0x10,0x10,0x10,0x10,0x10,0x10,0x10,0x1F,0x00,0x00,0x00,0x00,0x00,0x00},
193, {0x10,0x10,0x10,0x10,0x10,0x10,0x10,0xFF,0x00,0x00,0x00,0x00,0x00,0x00},
194, {0x00,0x00,0x00,0x00,0x00,0x00,0x00,0xFF,0x10,0x10,0x10,0x10,0x10,0x10},
195, {0x10,0x10,0x10,0x10,0x10,0x10,0x10,0x1F,0x10,0x10,0x10,0x10,0x10,0x10},
196, {0x00,0x00,0x00,0x00,0x00,0x00,0x00,0xFF,0x00,0x00,0x00,0x00,0x00,0x00},
197, {0x10,0x10,0x10,0x10,0x10,0x10,0x10,0xFF,0x10,0x10,0x10,0x10,0x10,0x10},
198, {0x10,0x10,0x10,0x10,0x10,0x1F,0x10,0x1F,0x10,0x10,0x10,0x10,0x10,0x10},
199, {0x24,0x24,0x24,0x24,0x24,0x24,0x24,0x27,0x24,0x24,0x24,0x24,0x24,0x24},
200, {0x24,0x24,0x24,0x24,0x24,0x27,0x20,0x3F,0x00,0x00,0x00,0x00,0x00,0x00},
201, {0x00,0x00,0x00,0x00,0x00,0x3F,0x20,0x27,0x24,0x24,0x24,0x24,0x24,0x24},
202, {0x24,0x24,0x24,0x24,0x24,0xE7,0x00,0xFF,0x00,0x00,0x00,0x00,0x00,0x00},
203, {0x00,0x00,0x00,0x00,0x00,0xFF,0x00,0xE7,0x24,0x24,0x24,0x24,0x24,0x24},
204, {0x24,0x24,0x24,0x24,0x24,0x27,0x20,0x27,0x24,0x24,0x24,0x24,0x24,0x24},
205, {0x00,0x00,0x00,0x00,0x00,0xFF,0x00,0xFF,0x00,0x00,0x00,0x00,0x00,0x00},
206, {0x24,0x24,0x24,0x24,0x24,0xE7,0x00,0xE7,0x24,0x24,0x24,0x24,0x24,0x24},
207, {0x10,0x10,0x10,0x10,0x10,0xFF,0x00,0xFF,0x00,0x00,0x00,0x00,0x00,0x00},
208, {0x24,0x24,0x24,0x24,0x24,0x24,0x24,0xFF,0x00,0x00,0x00,0x00,0x00,0x00},
209, {0x00,0x00,0x00,0x00,0x00,0xFF,0x00,0xFF,0x10,0x10,0x10,0x10,0x10,0x10},
210, {0x00,0x00,0x00,0x00,0x00,0x00,0x00,0xFF,0x24,0x24,0x24,0x24,0x24,0x24},
211, {0x24,0x24,0x24,0x24,0x24,0x24,0x24,0x3F,0x00,0x00,0x00,0x00,0x00,0x00},
212, {0x10,0x10,0x10,0x10,0x10,0x1F,0x10,0x1F,0x00,0x00,0x00,0x00,0x00,0x00},
213, {0x00,0x00,0x00,0x00,0x00,0x1F,0x10,0x1F,0x10,0x10,0x10,0x10,0x10,0x10},
214, {0x00,0x00,0x00,0x00,0x00,0x00,0x00,0x3F,0x24,0x24,0x24,0x24,0x24,0x24},
215, {0x24,0x24,0x24,0x24,0x24,0x24,0x24,0xFF,0x24,0x24,0x24,0x24,0x24,0x24},
216, {0x10,0x10,0x10,0x10,0x10,0xFF,0x10,0xFF,0x10,0x10,0x10,0x10,0x10,0x10},
217, {0x10,0x10,0x10,0x10,0x10,0x10,0x10,0xF0,0x00,0x00,0x00,0x00,0x00,0x00},
218, {0x00,0x00,0x00,0x00,0x00,0x00,0x00,0x1F,0x10,0x10,0x10,0x10,0x10,0x10},
219, {0xFF,0xFF,0xFF,0xFF,0xFF,0xFF,0xFF,0xFF,0xFF,0xFF,0xFF,0xFF,0xFF,0xFF},
220, {0x00,0x00,0x00,0x00,0x00,0x00,0x00,0xFF,0xFF,0xFF,0xFF,0xFF,0xFF,0xFF},
221, {0xF0,0xF0,0xF0,0xF0,0xF0,0xF0,0xF0,0xF0,0xF0,0xF0,0xF0,0xF0,0xF0,0xF0},
222, {0x0F,0x0F,0x0F,0x0F,0x0F,0x0F,0x0F,0x0F,0x0F,0x0F,0x0F,0x0F,0x0F,0x0F},
223, {0xFF,0xFF,0xFF,0xFF,0xFF,0xFF,0xFF,0x00,0x00,0x00,0x00,0x00,0x00,0x00},
224, {0x00,0x00,0x00,0x00,0x00,0x62,0x94,0x88,0x88,0x94,0x62,0x00,0x00,0x00},
225, {0x00,0x00,0x00,0x00,0x7C,0x82,0xFC,0x82,0x82,0xFC,0x80,0x80,0x40,0x00},
226, {0x00,0x00,0xFE,0x82,0x82,0x80,0x80,0x80,0x80,0x80,0x80,0x00,0x00,0x00},
227, {0x00,0x00,0x00,0x00,0xFE,0x44,0x44,0x44,0x44,0x44,0x44,0x00,0x00,0x00},
228, {0x00,0x00,0xFE,0x82,0x40,0x20,0x10,0x20,0x40,0x82,0xFE,0x00,0x00,0x00},
229, {0x00,0x00,0x00,0x00,0x00,0x7E,0x88,0x88,0x88,0x88,0x70,0x00,0x00,0x00},
230, {0x00,0x00,0x00,0x00,0x42,0x42,0x42,0x42,0x7C,0x40,0x40,0x80,0x00,0x00},
231, {0x00,0x00,0x00,0x00,0x62,0x9C,0x10,0x10,0x10,0x10,0x10,0x00,0x00,0x00},
232, {0x00,0x00,0x7E,0x18,0x3C,0x42,0x42,0x42,0x3C,0x18,0x7E,0x00,0x00,0x00},
233, {0x00,0x00,0x38,0x44,0x82,0x82,0xFE,0x82,0x82,0x44,0x38,0x00,0x00,0x00},
234, {0x00,0x00,0x38,0x44,0x82,0x82,0x82,0x44,0x28,0x28,0xEE,0x00,0x00,0x00},
235, {0x00,0x00,0x1C,0x20,0x10,0x08,0x3C,0x42,0x42,0x42,0x3C,0x00,0x00,0x00},
236, {0x00,0x00,0x00,0x00,0x00,0x7E,0x89,0x91,0x7E,0x00,0x00,0x00,0x00,0x00},
237, {0x00,0x00,0x01,0x02,0x7E,0x89,0x91,0xA1,0x7E,0x40,0x80,0x00,0x00,0x00},
238, {0x00,0x00,0x1C,0x20,0x40,0x40,0x7C,0x40,0x40,0x20,0x1C,0x00,0x00,0x00},
239, {0x00,0x00,0x00,0x7C,0x82,0x82,0x82,0x82,0x82,0x82,0x82,0x00,0x00,0x00},
240, {0x00,0x00,0x00,0xFE,0x00,0x00,0xFE,0x00,0x00,0xFE,0x00,0x00,0x00,0x00},
241, {0x00,0x00,0x10,0x10,0x10,0xFE,0x10,0x10,0x10,0x00,0x7E,0x00,0x00,0x00},
242, {0x00,0x00,0x20,0x10,0x08,0x04,0x08,0x10,0x20,0x00,0x7E,0x00,0x00,0x00},
243, {0x00,0x00,0x04,0x08,0x10,0x20,0x10,0x08,0x04,0x00,0x7E,0x00,0x00,0x00},
244, {0x00,0x00,0x0E,0x11,0x11,0x10,0x10,0x10,0x10,0x10,0x10,0x10,0x10,0x10},
245, {0x10,0x10,0x10,0x10,0x10,0x10,0x10,0x10,0x90,0x90,0x60,0x00,0x00,0x00},
246, {0x00,0x00,0x00,0x10,0x10,0x00,0xFE,0x00,0x10,0x10,0x00,0x00,0x00,0x00},
247, {0x00,0x00,0x00,0x00,0x33,0xCC,0x00,0x33,0xCC,0x00,0x00,0x00,0x00,0x00},
248, {0x00,0x38,0x44,0x44,0x38,0x00,0x00,0x00,0x00,0x00,0x00,0x00,0x00,0x00},
249, {0x00,0x00,0x00,0x00,0x00,0x00,0x18,0x18,0x00,0x00,0x00,0x00,0x00,0x00},
250, {0x00,0x00,0x00,0x00,0x00,0x00,0x00,0x18,0x00,0x00,0x00,0x00,0x00,0x00},
251, {0x00,0x07,0x04,0x04,0x04,0x04,0x04,0x84,0x44,0x24,0x1C,0x00,0x00,0x00},
252, {0x00,0xB8,0x44,0x44,0x44,0x44,0x44,0x00,0x00,0x00,0x00,0x00,0x00,0x00},
253, {0x70,0x88,0x10,0x20,0x40,0x80,0xF8,0x00,0x00,0x00,0x00,0x00,0x00,0x00},
254, {0x00,0x00,0x00,0x00,0x7C,0x7C,0x7C,0x7C,0x7C,0x7C,0x00,0x00,0x00,0x00},
255, {0x00,0x00,0x00,0xEE,0x88,0xCC,0x88,0x88,0x00,0xFE,0x00,0x00,0x00,0x00}
};

unsigned char fontCORDATA32[256][64] = {
{0x38,0x38,0x38,0x38,0x00,0x00,0x00,0x00,0x0F,0x80,0x0F,0x80,0x03,0xC0,0x03,0xC0,0x06,0x60,0x06,0x60,0x06,0x60,0x06,0x60,0x0C,0x30,0x0C,0x30,0x0C,0x30,0x0C,0x30,0x1F,0xF8,0x1F,0xF8,0x18,0x18,0x18,0x18,0x30,0x0C,0x30,0x0C,0x78,0x1E,0x78,0x1E,0x00,0x00,0x00,0x00,0x00,0x00,0x00,0x00,0x00,0x00,0x00,0x00,0x00,0x00,0x00,0x00},
{0x00,0x00,0x00,0x00,0x00,0x00,0x00,0x00,0x38,0x70,0x38,0x70,0x00,0x00,0x00,0x00,0x1F,0xE0,0x1F,0xE0,0x70,0x70,0x70,0x70,0x00,0x30,0x00,0x30,0x0F,0xF0,0x0F,0xF0,0x38,0x30,0x38,0x30,0x60,0x30,0x60,0x30,0x70,0x76,0x70,0x76,0x1F,0xDE,0x1F,0xDE,0x00,0x00,0x00,0x00,0x00,0x00,0x00,0x00,0x00,0x00,0x00,0x00,0x00,0x00,0x00,0x00},
{0x1C,0x38,0x1C,0x38,0x00,0x00,0x00,0x00,0x07,0xE0,0x07,0xE0,0x1C,0x38,0x1C,0x38,0x30,0x0C,0x30,0x0C,0x30,0x0C,0x30,0x0C,0x30,0x0C,0x30,0x0C,0x30,0x0C,0x30,0x0C,0x30,0x0C,0x30,0x0C,0x30,0x0C,0x30,0x0C,0x1C,0x38,0x1C,0x38,0x07,0xE0,0x07,0xE0,0x00,0x00,0x00,0x00,0x00,0x00,0x00,0x00,0x00,0x00,0x00,0x00,0x00,0x00,0x00,0x00},
{0x00,0x00,0x00,0x00,0x00,0x00,0x00,0x00,0x1C,0x38,0x1C,0x38,0x00,0x00,0x00,0x00,0x07,0xE0,0x07,0xE0,0x1C,0x38,0x1C,0x38,0x30,0x0C,0x30,0x0C,0x30,0x0C,0x30,0x0C,0x30,0x0C,0x30,0x0C,0x30,0x0C,0x30,0x0C,0x1C,0x38,0x1C,0x38,0x07,0xE0,0x07,0xE0,0x00,0x00,0x00,0x00,0x00,0x00,0x00,0x00,0x00,0x00,0x00,0x00,0x00,0x00,0x00,0x00},
{0x1C,0x38,0x1C,0x38,0x00,0x00,0x00,0x00,0x78,0x1E,0x78,0x1E,0x30,0x0C,0x30,0x0C,0x30,0x0C,0x30,0x0C,0x30,0x0C,0x30,0x0C,0x30,0x0C,0x30,0x0C,0x30,0x0C,0x30,0x0C,0x30,0x0C,0x30,0x0C,0x30,0x0C,0x30,0x0C,0x1C,0x38,0x1C,0x38,0x07,0xE0,0x07,0xE0,0x00,0x00,0x00,0x00,0x00,0x00,0x00,0x00,0x00,0x00,0x00,0x00,0x00,0x00,0x00,0x00},
{0x00,0x00,0x00,0x00,0x00,0x00,0x00,0x00,0x1C,0x70,0x1C,0x70,0x00,0x00,0x00,0x00,0x70,0x1C,0x70,0x1C,0x30,0x0C,0x30,0x0C,0x30,0x0C,0x30,0x0C,0x30,0x0C,0x30,0x0C,0x30,0x0C,0x30,0x0C,0x30,0x1C,0x30,0x1C,0x18,0x3C,0x18,0x3C,0x0F,0xEE,0x0F,0xEE,0x00,0x00,0x00,0x00,0x00,0x00,0x00,0x00,0x00,0x00,0x00,0x00,0x00,0x00,0x00,0x00},
{0x00,0x00,0x00,0x00,0x03,0xC0,0x03,0xC0,0x0E,0x30,0x0E,0x30,0x18,0x18,0x18,0x18,0x18,0x18,0x18,0x18,0x18,0x70,0x18,0x70,0x18,0x1C,0x18,0x1C,0x18,0x06,0x18,0x06,0x18,0x06,0x18,0x06,0x18,0x06,0x18,0x06,0x19,0x9C,0x19,0x9C,0x78,0xF0,0x78,0xF0,0x00,0x00,0x00,0x00,0x00,0x00,0x00,0x00,0x00,0x00,0x00,0x00,0x00,0x00,0x00,0x00},
{0x00,0x18,0x00,0x18,0x00,0x60,0x00,0x60,0x01,0x80,0x01,0x80,0x0F,0x80,0x0F,0x80,0x03,0xC0,0x03,0xC0,0x06,0x60,0x06,0x60,0x06,0x60,0x06,0x60,0x0C,0x30,0x0C,0x30,0x0C,0x30,0x0C,0x30,0x1F,0xF8,0x1F,0xF8,0x18,0x18,0x18,0x18,0x7C,0x3E,0x7C,0x3E,0x00,0x00,0x00,0x00,0x00,0x00,0x00,0x00,0x00,0x00,0x00,0x00,0x00,0x00,0x00,0x00},
{0x00,0xC0,0x00,0xC0,0x03,0x00,0x03,0x00,0x0C,0x00,0x0C,0x00,0x00,0x00,0x00,0x00,0x1F,0xE0,0x1F,0xE0,0x70,0x70,0x70,0x70,0x00,0x30,0x00,0x30,0x0F,0xF0,0x0F,0xF0,0x38,0x30,0x38,0x30,0x60,0x30,0x60,0x30,0x70,0x76,0x70,0x76,0x1F,0xDE,0x1F,0xDE,0x00,0x00,0x00,0x00,0x00,0x00,0x00,0x00,0x00,0x00,0x00,0x00,0x00,0x00,0x00,0x00},
{0x00,0x00,0x00,0x00,0x00,0x00,0x00,0x00,0x00,0x00,0x00,0x00,0x00,0x00,0x00,0x00,0x00,0x00,0x00,0x00,0x07,0xE0,0x07,0xE0,0x1C,0x38,0x1C,0x38,0x30,0x0C,0x30,0x0C,0x30,0x0C,0x30,0x0C,0x1C,0x38,0x1C,0x38,0x07,0xE0,0x07,0xE0,0x00,0x00,0x00,0x00,0x00,0x00,0x00,0x00,0x00,0x00,0x00,0x00,0x00,0x00,0x00,0x00,0x00,0x00,0x00,0x00},
{0xFF,0xFF,0xFF,0xFF,0xFF,0xFF,0xFF,0xFF,0xFF,0xFF,0xFF,0xFF,0xFF,0xFF,0xFF,0xFF,0xFF,0xFF,0xFF,0xFF,0xF8,0x1F,0xF8,0x1F,0xE7,0xE7,0xE7,0xE7,0xCF,0xF3,0xCF,0xF3,0xCF,0xF3,0xCF,0xF3,0xE7,0xE7,0xE7,0xE7,0xF8,0x1F,0xF8,0x1F,0xFF,0xFF,0xFF,0xFF,0xFF,0xFF,0xFF,0xFF,0xFF,0xFF,0xFF,0xFF,0xFF,0xFF,0xFF,0xFF,0xFF,0xFF,0xFF,0xFF},
{0x00,0x18,0x00,0x18,0x00,0x60,0x00,0x60,0x01,0x80,0x01,0x80,0x07,0xE0,0x07,0xE0,0x1C,0x38,0x1C,0x38,0x30,0x0C,0x30,0x0C,0x30,0x0C,0x30,0x0C,0x30,0x0C,0x30,0x0C,0x30,0x0C,0x30,0x0C,0x30,0x0C,0x30,0x0C,0x1C,0x38,0x1C,0x38,0x07,0xE0,0x07,0xE0,0x00,0x00,0x00,0x00,0x00,0x00,0x00,0x00,0x00,0x00,0x00,0x00,0x00,0x00,0x00,0x00},
{0x00,0x60,0x00,0x60,0x01,0x80,0x01,0x80,0x06,0x00,0x06,0x00,0x00,0x00,0x00,0x00,0x07,0xE0,0x07,0xE0,0x1C,0x38,0x1C,0x38,0x30,0x0C,0x30,0x0C,0x30,0x0C,0x30,0x0C,0x30,0x0C,0x30,0x0C,0x30,0x0C,0x30,0x0C,0x1C,0x38,0x1C,0x38,0x07,0xE0,0x07,0xE0,0x00,0x00,0x00,0x00,0x00,0x00,0x00,0x00,0x00,0x00,0x00,0x00,0x00,0x00,0x00,0x00},
{0x00,0x00,0x00,0x00,0x01,0xF0,0x01,0xF0,0x01,0x98,0x01,0x98,0x01,0x8C,0x01,0x8C,0x01,0x8C,0x01,0x8C,0x01,0x98,0x01,0x98,0x01,0x80,0x01,0x80,0x01,0x80,0x01,0x80,0x1F,0x80,0x1F,0x80,0x3F,0x80,0x3F,0x80,0x3F,0x80,0x3F,0x80,0x1F,0x00,0x1F,0x00,0x00,0x00,0x00,0x00,0x00,0x00,0x00,0x00,0x00,0x00,0x00,0x00,0x00,0x00,0x00,0x00},
{0x00,0x00,0x00,0x00,0x03,0xFE,0x03,0xFE,0x0E,0x06,0x0E,0x06,0x18,0x06,0x18,0x06,0x30,0x00,0x30,0x00,0x30,0x00,0x30,0x00,0x30,0x00,0x30,0x00,0x30,0x00,0x30,0x00,0x30,0x06,0x30,0x06,0x18,0x06,0x18,0x06,0x0E,0x0C,0x0E,0x0C,0x03,0xF8,0x03,0xF8,0x00,0x30,0x00,0x30,0x00,0x18,0x00,0x18,0x00,0x18,0x00,0x18,0x03,0xF0,0x03,0xF0},
{0x00,0x00,0x00,0x00,0x00,0x00,0x00,0x00,0x00,0x00,0x00,0x00,0x00,0x00,0x00,0x00,0x07,0xE0,0x07,0xE0,0x1C,0x38,0x1C,0x38,0x30,0x0C,0x30,0x0C,0x30,0x00,0x30,0x00,0x30,0x00,0x30,0x00,0x30,0x0C,0x30,0x0C,0x1C,0x38,0x1C,0x38,0x07,0xE0,0x07,0xE0,0x00,0xE0,0x00,0xE0,0x00,0x30,0x00,0x30,0x00,0x30,0x00,0x30,0x03,0xE0,0x03,0xE0},
{0x00,0x30,0x00,0x30,0x00,0xC0,0x00,0xC0,0x03,0x00,0x03,0x00,0x7F,0xFC,0x7F,0xFC,0x18,0x0C,0x18,0x0C,0x18,0x00,0x18,0x00,0x18,0xC0,0x18,0xC0,0x1F,0xC0,0x1F,0xC0,0x18,0xC0,0x18,0xC0,0x18,0x00,0x18,0x00,0x18,0x0C,0x18,0x0C,0x7F,0xFC,0x7F,0xFC,0x00,0x00,0x00,0x00,0x00,0x00,0x00,0x00,0x00,0x00,0x00,0x00,0x00,0x00,0x00,0x00},
{0x00,0x60,0x00,0x60,0x01,0x80,0x01,0x80,0x06,0x00,0x06,0x00,0x00,0x00,0x00,0x00,0x07,0xE0,0x07,0xE0,0x1C,0x38,0x1C,0x38,0x30,0x0C,0x30,0x0C,0x3F,0xFC,0x3F,0xFC,0x30,0x00,0x30,0x00,0x30,0x00,0x30,0x00,0x1C,0x1C,0x1C,0x1C,0x07,0xF0,0x07,0xF0,0x00,0x00,0x00,0x00,0x00,0x00,0x00,0x00,0x00,0x00,0x00,0x00,0x00,0x00,0x00,0x00},
{0x03,0x00,0x03,0x00,0x00,0xC0,0x00,0xC0,0x00,0x30,0x00,0x30,0x0F,0x80,0x0F,0x80,0x03,0xC0,0x03,0xC0,0x06,0x60,0x06,0x60,0x06,0x60,0x06,0x60,0x0C,0x30,0x0C,0x30,0x0C,0x30,0x0C,0x30,0x1F,0xF8,0x1F,0xF8,0x18,0x18,0x18,0x18,0x7C,0x3E,0x7C,0x3E,0x00,0x00,0x00,0x00,0x00,0x00,0x00,0x00,0x00,0x00,0x00,0x00,0x00,0x00,0x00,0x00},
{0x0C,0x00,0x0C,0x00,0x03,0x00,0x03,0x00,0x00,0xC0,0x00,0xC0,0x00,0x00,0x00,0x00,0x1F,0xE0,0x1F,0xE0,0x70,0x70,0x70,0x70,0x00,0x30,0x00,0x30,0x0F,0xF0,0x0F,0xF0,0x38,0x30,0x38,0x30,0x60,0x30,0x60,0x30,0x70,0x76,0x70,0x76,0x1F,0xDE,0x1F,0xDE,0x00,0x00,0x00,0x00,0x00,0x00,0x00,0x00,0x00,0x00,0x00,0x00,0x00,0x00,0x00,0x00},
{0x18,0x00,0x18,0x00,0x06,0x00,0x06,0x00,0x01,0x80,0x01,0x80,0x7F,0xFC,0x7F,0xFC,0x18,0x0C,0x18,0x0C,0x18,0x00,0x18,0x00,0x18,0xC0,0x18,0xC0,0x1F,0xC0,0x1F,0xC0,0x18,0xC0,0x18,0xC0,0x18,0x00,0x18,0x00,0x18,0x0C,0x18,0x0C,0x7F,0xFC,0x7F,0xFC,0x00,0x00,0x00,0x00,0x00,0x00,0x00,0x00,0x00,0x00,0x00,0x00,0x00,0x00,0x00,0x00},
{0x06,0x00,0x06,0x00,0x01,0x80,0x01,0x80,0x00,0x60,0x00,0x60,0x00,0x00,0x00,0x00,0x07,0xE0,0x07,0xE0,0x1C,0x38,0x1C,0x38,0x30,0x0C,0x30,0x0C,0x3F,0xFC,0x3F,0xFC,0x30,0x00,0x30,0x00,0x30,0x00,0x30,0x00,0x1C,0x1C,0x1C,0x1C,0x07,0xF0,0x07,0xF0,0x00,0x00,0x00,0x00,0x00,0x00,0x00,0x00,0x00,0x00,0x00,0x00,0x00,0x00,0x00,0x00},
{0x18,0x00,0x18,0x00,0x06,0x00,0x06,0x00,0x01,0x80,0x01,0x80,0x07,0xE0,0x07,0xE0,0x01,0x80,0x01,0x80,0x01,0x80,0x01,0x80,0x01,0x80,0x01,0x80,0x01,0x80,0x01,0x80,0x01,0x80,0x01,0x80,0x01,0x80,0x01,0x80,0x01,0x80,0x01,0x80,0x07,0xE0,0x07,0xE0,0x00,0x00,0x00,0x00,0x00,0x00,0x00,0x00,0x00,0x00,0x00,0x00,0x00,0x00,0x00,0x00},
{0x18,0x00,0x18,0x00,0x06,0x00,0x06,0x00,0x01,0x80,0x01,0x80,0x00,0x00,0x00,0x00,0x0F,0x80,0x0F,0x80,0x01,0x80,0x01,0x80,0x01,0x80,0x01,0x80,0x01,0x80,0x01,0x80,0x01,0x80,0x01,0x80,0x01,0x80,0x01,0x80,0x01,0x80,0x01,0x80,0x0F,0xF0,0x0F,0xF0,0x00,0x00,0x00,0x00,0x00,0x00,0x00,0x00,0x00,0x00,0x00,0x00,0x00,0x00,0x00,0x00},
{0x18,0x00,0x18,0x00,0x06,0x00,0x06,0x00,0x01,0x80,0x01,0x80,0x07,0xE0,0x07,0xE0,0x1C,0x38,0x1C,0x38,0x30,0x0C,0x30,0x0C,0x30,0x0C,0x30,0x0C,0x30,0x0C,0x30,0x0C,0x30,0x0C,0x30,0x0C,0x30,0x0C,0x30,0x0C,0x1C,0x38,0x1C,0x38,0x07,0xE0,0x07,0xE0,0x00,0x00,0x00,0x00,0x00,0x00,0x00,0x00,0x00,0x00,0x00,0x00,0x00,0x00,0x00,0x00},
{0x06,0x00,0x06,0x00,0x01,0x80,0x01,0x80,0x00,0x60,0x00,0x60,0x00,0x00,0x00,0x00,0x07,0xE0,0x07,0xE0,0x1C,0x38,0x1C,0x38,0x30,0x0C,0x30,0x0C,0x30,0x0C,0x30,0x0C,0x30,0x0C,0x30,0x0C,0x30,0x0C,0x30,0x0C,0x1C,0x38,0x1C,0x38,0x07,0xE0,0x07,0xE0,0x00,0x00,0x00,0x00,0x00,0x00,0x00,0x00,0x00,0x00,0x00,0x00,0x00,0x00,0x00,0x00},
{0x18,0x00,0x18,0x00,0x06,0x00,0x06,0x00,0x01,0x80,0x01,0x80,0x78,0x1E,0x78,0x1E,0x30,0x0C,0x30,0x0C,0x30,0x0C,0x30,0x0C,0x30,0x0C,0x30,0x0C,0x30,0x0C,0x30,0x0C,0x30,0x0C,0x30,0x0C,0x30,0x0C,0x30,0x0C,0x1C,0x38,0x1C,0x38,0x07,0xE0,0x07,0xE0,0x00,0x00,0x00,0x00,0x00,0x00,0x00,0x00,0x00,0x00,0x00,0x00,0x00,0x00,0x00,0x00},
{0x06,0x00,0x06,0x00,0x01,0x80,0x01,0x80,0x00,0x60,0x00,0x60,0x00,0x00,0x00,0x00,0x70,0x1C,0x70,0x1C,0x30,0x0C,0x30,0x0C,0x30,0x0C,0x30,0x0C,0x30,0x0C,0x30,0x0C,0x30,0x0C,0x30,0x0C,0x30,0x1C,0x30,0x1C,0x18,0x3C,0x18,0x3C,0x0F,0xEE,0x0F,0xEE,0x00,0x00,0x00,0x00,0x00,0x00,0x00,0x00,0x00,0x00,0x00,0x00,0x00,0x00,0x00,0x00},
{0x00,0x18,0x00,0x18,0x00,0x60,0x00,0x60,0x01,0x80,0x01,0x80,0x07,0xE0,0x07,0xE0,0x01,0x80,0x01,0x80,0x01,0x80,0x01,0x80,0x01,0x80,0x01,0x80,0x01,0x80,0x01,0x80,0x01,0x80,0x01,0x80,0x01,0x80,0x01,0x80,0x01,0x80,0x01,0x80,0x07,0xE0,0x07,0xE0,0x00,0x00,0x00,0x00,0x00,0x00,0x00,0x00,0x00,0x00,0x00,0x00,0x00,0x00,0x00,0x00},
{0x01,0x80,0x01,0x80,0x06,0x00,0x06,0x00,0x18,0x00,0x18,0x00,0x00,0x00,0x00,0x00,0x0F,0x80,0x0F,0x80,0x01,0x80,0x01,0x80,0x01,0x80,0x01,0x80,0x01,0x80,0x01,0x80,0x01,0x80,0x01,0x80,0x01,0x80,0x01,0x80,0x01,0x80,0x01,0x80,0x0F,0xF0,0x0F,0xF0,0x00,0x00,0x00,0x00,0x00,0x00,0x00,0x00,0x00,0x00,0x00,0x00,0x00,0x00,0x00,0x00},
{0x00,0x18,0x00,0x18,0x00,0x60,0x00,0x60,0x01,0x80,0x01,0x80,0x78,0x1E,0x78,0x1E,0x30,0x0C,0x30,0x0C,0x30,0x0C,0x30,0x0C,0x30,0x0C,0x30,0x0C,0x30,0x0C,0x30,0x0C,0x30,0x0C,0x30,0x0C,0x30,0x0C,0x30,0x0C,0x1C,0x38,0x1C,0x38,0x07,0xE0,0x07,0xE0,0x00,0x00,0x00,0x00,0x00,0x00,0x00,0x00,0x00,0x00,0x00,0x00,0x00,0x00,0x00,0x00},
{0x00,0x60,0x00,0x60,0x01,0x80,0x01,0x80,0x06,0x00,0x06,0x00,0x00,0x00,0x00,0x00,0x70,0x1C,0x70,0x1C,0x30,0x0C,0x30,0x0C,0x30,0x0C,0x30,0x0C,0x30,0x0C,0x30,0x0C,0x30,0x0C,0x30,0x0C,0x30,0x1C,0x30,0x1C,0x18,0x3C,0x18,0x3C,0x0F,0xEE,0x0F,0xEE,0x00,0x00,0x00,0x00,0x00,0x00,0x00,0x00,0x00,0x00,0x00,0x00,0x00,0x00,0x00,0x00},
{0x00,0x00,0x00,0x00,0x00,0x00,0x00,0x00,0x00,0x00,0x00,0x00,0x00,0x00,0x00,0x00,0x00,0x00,0x00,0x00,0x00,0x00,0x00,0x00,0x00,0x00,0x00,0x00,0x00,0x00,0x00,0x00,0x00,0x00,0x00,0x00,0x00,0x00,0x00,0x00,0x00,0x00,0x00,0x00,0x00,0x00,0x00,0x00,0x00,0x00,0x00,0x00,0x00,0x00,0x00,0x00,0x00,0x00,0x00,0x00,0x00,0x00,0x00,0x00},
{0x00,0x00,0x00,0x00,0x01,0x80,0x01,0x80,0x03,0xC0,0x03,0xC0,0x03,0xC0,0x03,0xC0,0x03,0xC0,0x03,0xC0,0x03,0xC0,0x03,0xC0,0x01,0x80,0x01,0x80,0x01,0x80,0x01,0x80,0x01,0x80,0x01,0x80,0x00,0x00,0x00,0x00,0x01,0x80,0x01,0x80,0x01,0x80,0x01,0x80,0x00,0x00,0x00,0x00,0x00,0x00,0x00,0x00,0x00,0x00,0x00,0x00,0x00,0x00,0x00,0x00},
{0x00,0x00,0x00,0x00,0x1C,0x38,0x1C,0x38,0x1C,0x38,0x1C,0x38,0x0C,0x30,0x0C,0x30,0x0C,0x30,0x0C,0x30,0x00,0x00,0x00,0x00,0x00,0x00,0x00,0x00,0x00,0x00,0x00,0x00,0x00,0x00,0x00,0x00,0x00,0x00,0x00,0x00,0x00,0x00,0x00,0x00,0x00,0x00,0x00,0x00,0x00,0x00,0x00,0x00,0x00,0x00,0x00,0x00,0x00,0x00,0x00,0x00,0x00,0x00,0x00,0x00},
{0x00,0x00,0x00,0x00,0x00,0x33,0x00,0x33,0x00,0x66,0x00,0x66,0x00,0xCC,0x00,0xCC,0x0F,0xFE,0x0F,0xFE,0x03,0x30,0x03,0x30,0x06,0x60,0x06,0x60,0x0C,0xC0,0x0C,0xC0,0x7F,0xF0,0x7F,0xF0,0x33,0x00,0x33,0x00,0x66,0x00,0x66,0x00,0xCC,0x00,0xCC,0x00,0x00,0x00,0x00,0x00,0x00,0x00,0x00,0x00,0x00,0x00,0x00,0x00,0x00,0x00,0x00,0x00},
{0x00,0x00,0x00,0x00,0x01,0x80,0x01,0x80,0x0F,0xF0,0x0F,0xF0,0x39,0x9E,0x39,0x9E,0x71,0x80,0x71,0x80,0x39,0x80,0x39,0x80,0x07,0xF0,0x07,0xF0,0x01,0x9C,0x01,0x9C,0x01,0x8E,0x01,0x8E,0x79,0x9C,0x79,0x9C,0x0F,0xF0,0x0F,0xF0,0x01,0x80,0x01,0x80,0x00,0x00,0x00,0x00,0x00,0x00,0x00,0x00,0x00,0x00,0x00,0x00,0x00,0x00,0x00,0x00},
{0x00,0x06,0x00,0x06,0x01,0xFC,0x01,0xFC,0x3F,0x18,0x3F,0x18,0x66,0x30,0x66,0x30,0x66,0x60,0x66,0x60,0x3C,0xC0,0x3C,0xC0,0x01,0x80,0x01,0x80,0x03,0x3C,0x03,0x3C,0x06,0x66,0x06,0x66,0x0C,0x66,0x0C,0x66,0x18,0x3C,0x18,0x3C,0x30,0x00,0x30,0x00,0x60,0x00,0x60,0x00,0x00,0x00,0x00,0x00,0x00,0x00,0x00,0x00,0x00,0x00,0x00,0x00},
{0x00,0x00,0x00,0x00,0x0F,0xC0,0x0F,0xC0,0x18,0x60,0x18,0x60,0x18,0x60,0x18,0x60,0x19,0xC0,0x19,0xC0,0x0F,0x06,0x0F,0x06,0x1E,0x1E,0x1E,0x1E,0x33,0x30,0x33,0x30,0x60,0xC0,0x60,0xC0,0x60,0xC0,0x60,0xC0,0x60,0xE6,0x60,0xE6,0x3F,0x3E,0x3F,0x3E,0x00,0x00,0x00,0x00,0x00,0x00,0x00,0x00,0x00,0x00,0x00,0x00,0x00,0x00,0x00,0x00},
{0x00,0x00,0x00,0x00,0x01,0xC0,0x01,0xC0,0x01,0xC0,0x01,0xC0,0x01,0x80,0x01,0x80,0x03,0x00,0x03,0x00,0x00,0x00,0x00,0x00,0x00,0x00,0x00,0x00,0x00,0x00,0x00,0x00,0x00,0x00,0x00,0x00,0x00,0x00,0x00,0x00,0x00,0x00,0x00,0x00,0x00,0x00,0x00,0x00,0x00,0x00,0x00,0x00,0x00,0x00,0x00,0x00,0x00,0x00,0x00,0x00,0x00,0x00,0x00,0x00},
{0x00,0x00,0x00,0x00,0x00,0x60,0x00,0x60,0x00,0xC0,0x00,0xC0,0x01,0x80,0x01,0x80,0x03,0x00,0x03,0x00,0x06,0x00,0x06,0x00,0x06,0x00,0x06,0x00,0x06,0x00,0x06,0x00,0x06,0x00,0x06,0x00,0x06,0x00,0x06,0x00,0x03,0x00,0x03,0x00,0x01,0x80,0x01,0x80,0x00,0xC0,0x00,0xC0,0x00,0x60,0x00,0x60,0x00,0x00,0x00,0x00,0x00,0x00,0x00,0x00},
{0x00,0x00,0x00,0x00,0x06,0x00,0x06,0x00,0x03,0x00,0x03,0x00,0x01,0x80,0x01,0x80,0x00,0xC0,0x00,0xC0,0x00,0x60,0x00,0x60,0x00,0x60,0x00,0x60,0x00,0x60,0x00,0x60,0x00,0x60,0x00,0x60,0x00,0x60,0x00,0x60,0x00,0xC0,0x00,0xC0,0x01,0x80,0x01,0x80,0x03,0x00,0x03,0x00,0x06,0x00,0x06,0x00,0x00,0x00,0x00,0x00,0x00,0x00,0x00,0x00},
{0x00,0x00,0x00,0x00,0x00,0x00,0x00,0x00,0x0C,0x30,0x0C,0x30,0x06,0x60,0x06,0x60,0x03,0xC0,0x03,0xC0,0x7F,0xFE,0x7F,0xFE,0x03,0xC0,0x03,0xC0,0x06,0x60,0x06,0x60,0x0C,0x30,0x0C,0x30,0x00,0x00,0x00,0x00,0x00,0x00,0x00,0x00,0x00,0x00,0x00,0x00,0x00,0x00,0x00,0x00,0x00,0x00,0x00,0x00,0x00,0x00,0x00,0x00,0x00,0x00,0x00,0x00},
{0x00,0x00,0x00,0x00,0x00,0x00,0x00,0x00,0x00,0x00,0x00,0x00,0x01,0x80,0x01,0x80,0x01,0x80,0x01,0x80,0x01,0x80,0x01,0x80,0x7F,0xFE,0x7F,0xFE,0x01,0x80,0x01,0x80,0x01,0x80,0x01,0x80,0x01,0x80,0x01,0x80,0x00,0x00,0x00,0x00,0x00,0x00,0x00,0x00,0x00,0x00,0x00,0x00,0x00,0x00,0x00,0x00,0x00,0x00,0x00,0x00,0x00,0x00,0x00,0x00},
{0x00,0x00,0x00,0x00,0x00,0x00,0x00,0x00,0x00,0x00,0x00,0x00,0x00,0x00,0x00,0x00,0x00,0x00,0x00,0x00,0x00,0x00,0x00,0x00,0x00,0x00,0x00,0x00,0x00,0x00,0x00,0x00,0x00,0x00,0x00,0x00,0x00,0x00,0x00,0x00,0x03,0xC0,0x03,0xC0,0x03,0xC0,0x03,0xC0,0x01,0x80,0x01,0x80,0x03,0x00,0x03,0x00,0x06,0x00,0x06,0x00,0x00,0x00,0x00,0x00},
{0x00,0x00,0x00,0x00,0x00,0x00,0x00,0x00,0x00,0x00,0x00,0x00,0x00,0x00,0x00,0x00,0x00,0x00,0x00,0x00,0x00,0x00,0x00,0x00,0x00,0x00,0x00,0x00,0x00,0x00,0x00,0x00,0x3F,0xFC,0x3F,0xFC,0x00,0x00,0x00,0x00,0x00,0x00,0x00,0x00,0x00,0x00,0x00,0x00,0x00,0x00,0x00,0x00,0x00,0x00,0x00,0x00,0x00,0x00,0x00,0x00,0x00,0x00,0x00,0x00},
{0x00,0x00,0x00,0x00,0x00,0x00,0x00,0x00,0x00,0x00,0x00,0x00,0x00,0x00,0x00,0x00,0x00,0x00,0x00,0x00,0x00,0x00,0x00,0x00,0x00,0x00,0x00,0x00,0x00,0x00,0x00,0x00,0x00,0x00,0x00,0x00,0x00,0x00,0x00,0x00,0x03,0xC0,0x03,0xC0,0x03,0xC0,0x03,0xC0,0x00,0x00,0x00,0x00,0x00,0x00,0x00,0x00,0x00,0x00,0x00,0x00,0x00,0x00,0x00,0x00},
{0x00,0x06,0x00,0x06,0x00,0x0C,0x00,0x0C,0x00,0x18,0x00,0x18,0x00,0x30,0x00,0x30,0x00,0x60,0x00,0x60,0x00,0xC0,0x00,0xC0,0x01,0x80,0x01,0x80,0x03,0x00,0x03,0x00,0x06,0x00,0x06,0x00,0x0C,0x00,0x0C,0x00,0x18,0x00,0x18,0x00,0x30,0x00,0x30,0x00,0x60,0x00,0x60,0x00,0x00,0x00,0x00,0x00,0x00,0x00,0x00,0x00,0x00,0x00,0x00,0x00},
{0x00,0x0C,0x00,0x0C,0x07,0xF8,0x07,0xF8,0x1C,0x38,0x1C,0x38,0x30,0x6C,0x30,0x6C,0x30,0xCC,0x30,0xCC,0x31,0x8C,0x31,0x8C,0x33,0x0C,0x33,0x0C,0x36,0x0C,0x36,0x0C,0x3C,0x0C,0x3C,0x0C,0x38,0x0C,0x38,0x0C,0x3C,0x38,0x3C,0x38,0x67,0xE0,0x67,0xE0,0x00,0x00,0x00,0x00,0x00,0x00,0x00,0x00,0x00,0x00,0x00,0x00,0x00,0x00,0x00,0x00},
{0x00,0x00,0x00,0x00,0x03,0x80,0x03,0x80,0x07,0x80,0x07,0x80,0x0D,0x80,0x0D,0x80,0x01,0x80,0x01,0x80,0x01,0x80,0x01,0x80,0x01,0x80,0x01,0x80,0x01,0x80,0x01,0x80,0x01,0x80,0x01,0x80,0x01,0x80,0x01,0x80,0x01,0x80,0x01,0x80,0x01,0x80,0x01,0x80,0x00,0x00,0x00,0x00,0x00,0x00,0x00,0x00,0x00,0x00,0x00,0x00,0x00,0x00,0x00,0x00},
{0x00,0x00,0x00,0x00,0x07,0xE0,0x07,0xE0,0x1C,0x38,0x1C,0x38,0x38,0x0C,0x38,0x0C,0x00,0x0C,0x00,0x0C,0x00,0x18,0x00,0x18,0x00,0x60,0x00,0x60,0x01,0x80,0x01,0x80,0x06,0x00,0x06,0x00,0x18,0x0C,0x18,0x0C,0x30,0x0C,0x30,0x0C,0x3F,0xFC,0x3F,0xFC,0x00,0x00,0x00,0x00,0x00,0x00,0x00,0x00,0x00,0x00,0x00,0x00,0x00,0x00,0x00,0x00},
{0x00,0x00,0x00,0x00,0x3F,0xFC,0x3F,0xFC,0x30,0x38,0x30,0x38,0x00,0xE0,0x00,0xE0,0x03,0x80,0x03,0x80,0x0F,0xE0,0x0F,0xE0,0x00,0x38,0x00,0x38,0x00,0x1C,0x00,0x1C,0x00,0x1C,0x00,0x1C,0x00,0x38,0x00,0x38,0x01,0xE0,0x01,0xE0,0x0F,0x00,0x0F,0x00,0x78,0x00,0x78,0x00,0x00,0x00,0x00,0x00,0x00,0x00,0x00,0x00,0x00,0x00,0x00,0x00},
{0x00,0x00,0x00,0x00,0x00,0xE0,0x00,0xE0,0x01,0xE0,0x01,0xE0,0x03,0x60,0x03,0x60,0x06,0x60,0x06,0x60,0x0C,0x60,0x0C,0x60,0x18,0x60,0x18,0x60,0x30,0x60,0x30,0x60,0x7F,0xFC,0x7F,0xFC,0x00,0x60,0x00,0x60,0x00,0x60,0x00,0x60,0x00,0x60,0x00,0x60,0x00,0x60,0x00,0x60,0x00,0x00,0x00,0x00,0x00,0x00,0x00,0x00,0x00,0x00,0x00,0x00},
{0x00,0x00,0x00,0x00,0x3F,0xFC,0x3F,0xFC,0x30,0x00,0x30,0x00,0x30,0x00,0x30,0x00,0x30,0x00,0x30,0x00,0x3F,0xE0,0x3F,0xE0,0x38,0x38,0x38,0x38,0x00,0x1C,0x00,0x1C,0x00,0x1C,0x00,0x1C,0x00,0x38,0x00,0x38,0x01,0xE0,0x01,0xE0,0x0F,0x00,0x0F,0x00,0x78,0x00,0x78,0x00,0x00,0x00,0x00,0x00,0x00,0x00,0x00,0x00,0x00,0x00,0x00,0x00},
{0x00,0xF0,0x00,0xF0,0x03,0x80,0x03,0x80,0x0E,0x00,0x0E,0x00,0x1C,0x00,0x1C,0x00,0x38,0x00,0x38,0x00,0x3F,0xE0,0x3F,0xE0,0x38,0x38,0x38,0x38,0x30,0x0C,0x30,0x0C,0x30,0x0C,0x30,0x0C,0x30,0x0C,0x30,0x0C,0x1C,0x38,0x1C,0x38,0x07,0xE0,0x07,0xE0,0x00,0x00,0x00,0x00,0x00,0x00,0x00,0x00,0x00,0x00,0x00,0x00,0x00,0x00,0x00,0x00},
{0x00,0x00,0x00,0x00,0x3F,0xFC,0x3F,0xFC,0x30,0x0C,0x30,0x0C,0x00,0x0C,0x00,0x0C,0x00,0x18,0x00,0x18,0x00,0x30,0x00,0x30,0x00,0x60,0x00,0x60,0x00,0xC0,0x00,0xC0,0x01,0x80,0x01,0x80,0x01,0x80,0x01,0x80,0x01,0x80,0x01,0x80,0x01,0x80,0x01,0x80,0x00,0x00,0x00,0x00,0x00,0x00,0x00,0x00,0x00,0x00,0x00,0x00,0x00,0x00,0x00,0x00},
{0x00,0x00,0x00,0x00,0x07,0xE0,0x07,0xE0,0x18,0x18,0x18,0x18,0x30,0x0C,0x30,0x0C,0x30,0x0C,0x30,0x0C,0x18,0x18,0x18,0x18,0x0F,0xF0,0x0F,0xF0,0x18,0x18,0x18,0x18,0x30,0x0C,0x30,0x0C,0x30,0x0C,0x30,0x0C,0x18,0x18,0x18,0x18,0x07,0xE0,0x07,0xE0,0x00,0x00,0x00,0x00,0x00,0x00,0x00,0x00,0x00,0x00,0x00,0x00,0x00,0x00,0x00,0x00},
{0x00,0x00,0x00,0x00,0x07,0xE0,0x07,0xE0,0x1C,0x38,0x1C,0x38,0x30,0x0C,0x30,0x0C,0x30,0x0C,0x30,0x0C,0x30,0x0C,0x30,0x0C,0x1C,0x1C,0x1C,0x1C,0x07,0xFC,0x07,0xFC,0x00,0x1C,0x00,0x1C,0x00,0x38,0x00,0x38,0x00,0x70,0x00,0x70,0x01,0xC0,0x01,0xC0,0x0F,0x00,0x0F,0x00,0x00,0x00,0x00,0x00,0x00,0x00,0x00,0x00,0x00,0x00,0x00,0x00},
{0x00,0x00,0x00,0x00,0x00,0x00,0x00,0x00,0x00,0x00,0x00,0x00,0x00,0x00,0x00,0x00,0x00,0x00,0x00,0x00,0x03,0xC0,0x03,0xC0,0x03,0xC0,0x03,0xC0,0x00,0x00,0x00,0x00,0x00,0x00,0x00,0x00,0x00,0x00,0x00,0x00,0x03,0xC0,0x03,0xC0,0x03,0xC0,0x03,0xC0,0x00,0x00,0x00,0x00,0x00,0x00,0x00,0x00,0x00,0x00,0x00,0x00,0x00,0x00,0x00,0x00},
{0x00,0x00,0x00,0x00,0x00,0x00,0x00,0x00,0x00,0x00,0x00,0x00,0x00,0x00,0x00,0x00,0x00,0x00,0x00,0x00,0x03,0xC0,0x03,0xC0,0x03,0xC0,0x03,0xC0,0x00,0x00,0x00,0x00,0x00,0x00,0x00,0x00,0x00,0x00,0x00,0x00,0x03,0xC0,0x03,0xC0,0x03,0xC0,0x03,0xC0,0x01,0x80,0x01,0x80,0x03,0x00,0x03,0x00,0x06,0x00,0x06,0x00,0x00,0x00,0x00,0x00},
{0x00,0x00,0x00,0x00,0x00,0x0C,0x00,0x0C,0x00,0x30,0x00,0x30,0x00,0xC0,0x00,0xC0,0x03,0x00,0x03,0x00,0x0C,0x00,0x0C,0x00,0x30,0x00,0x30,0x00,0x0C,0x00,0x0C,0x00,0x03,0x00,0x03,0x00,0x00,0xC0,0x00,0xC0,0x00,0x30,0x00,0x30,0x00,0x0C,0x00,0x0C,0x00,0x00,0x00,0x00,0x00,0x00,0x00,0x00,0x00,0x00,0x00,0x00,0x00,0x00,0x00,0x00},
{0x00,0x00,0x00,0x00,0x00,0x00,0x00,0x00,0x00,0x00,0x00,0x00,0x00,0x00,0x00,0x00,0x00,0x00,0x00,0x00,0x3F,0xFC,0x3F,0xFC,0x00,0x00,0x00,0x00,0x00,0x00,0x00,0x00,0x3F,0xFC,0x3F,0xFC,0x00,0x00,0x00,0x00,0x00,0x00,0x00,0x00,0x00,0x00,0x00,0x00,0x00,0x00,0x00,0x00,0x00,0x00,0x00,0x00,0x00,0x00,0x00,0x00,0x00,0x00,0x00,0x00},
{0x00,0x00,0x00,0x00,0x30,0x00,0x30,0x00,0x0C,0x00,0x0C,0x00,0x03,0x00,0x03,0x00,0x00,0xC0,0x00,0xC0,0x00,0x30,0x00,0x30,0x00,0x0C,0x00,0x0C,0x00,0x30,0x00,0x30,0x00,0xC0,0x00,0xC0,0x03,0x00,0x03,0x00,0x0C,0x00,0x0C,0x00,0x30,0x00,0x30,0x00,0x00,0x00,0x00,0x00,0x00,0x00,0x00,0x00,0x00,0x00,0x00,0x00,0x00,0x00,0x00,0x00},
{0x00,0x00,0x00,0x00,0x0F,0xF0,0x0F,0xF0,0x38,0x1C,0x38,0x1C,0x38,0x0E,0x38,0x0E,0x00,0x0C,0x00,0x0C,0x00,0x18,0x00,0x18,0x00,0x60,0x00,0x60,0x01,0x80,0x01,0x80,0x01,0x80,0x01,0x80,0x00,0x00,0x00,0x00,0x01,0x80,0x01,0x80,0x01,0x80,0x01,0x80,0x00,0x00,0x00,0x00,0x00,0x00,0x00,0x00,0x00,0x00,0x00,0x00,0x00,0x00,0x00,0x00},
{0x00,0x00,0x00,0x00,0x07,0xE0,0x07,0xE0,0x1C,0x38,0x1C,0x38,0x38,0x0C,0x38,0x0C,0x31,0xFC,0x31,0xFC,0x33,0x0C,0x33,0x0C,0x33,0x0C,0x33,0x0C,0x33,0x0C,0x33,0x0C,0x31,0xF8,0x31,0xF8,0x30,0x00,0x30,0x00,0x1C,0x1C,0x1C,0x1C,0x07,0xF8,0x07,0xF8,0x00,0x00,0x00,0x00,0x00,0x00,0x00,0x00,0x00,0x00,0x00,0x00,0x00,0x00,0x00,0x00},
{0x00,0x00,0x00,0x00,0x0F,0x80,0x0F,0x80,0x03,0xC0,0x03,0xC0,0x06,0x60,0x06,0x60,0x06,0x60,0x06,0x60,0x0C,0x30,0x0C,0x30,0x0C,0x30,0x0C,0x30,0x18,0x18,0x18,0x18,0x1F,0xF8,0x1F,0xF8,0x30,0x0C,0x30,0x0C,0x30,0x0C,0x30,0x0C,0x78,0x1E,0x78,0x1E,0x00,0x00,0x00,0x00,0x00,0x00,0x00,0x00,0x00,0x00,0x00,0x00,0x00,0x00,0x00,0x00},
{0x00,0x00,0x00,0x00,0x7F,0xF0,0x7F,0xF0,0x18,0x18,0x18,0x18,0x18,0x0C,0x18,0x0C,0x18,0x0C,0x18,0x0C,0x18,0x18,0x18,0x18,0x1F,0xF0,0x1F,0xF0,0x18,0x18,0x18,0x18,0x18,0x0C,0x18,0x0C,0x18,0x0C,0x18,0x0C,0x18,0x18,0x18,0x18,0x7F,0xF0,0x7F,0xF0,0x00,0x00,0x00,0x00,0x00,0x00,0x00,0x00,0x00,0x00,0x00,0x00,0x00,0x00,0x00,0x00},
{0x00,0x00,0x00,0x00,0x03,0xFE,0x03,0xFE,0x0E,0x06,0x0E,0x06,0x18,0x06,0x18,0x06,0x30,0x00,0x30,0x00,0x30,0x00,0x30,0x00,0x30,0x00,0x30,0x00,0x30,0x00,0x30,0x00,0x30,0x06,0x30,0x06,0x18,0x06,0x18,0x06,0x0E,0x0C,0x0E,0x0C,0x03,0xF8,0x03,0xF8,0x00,0x00,0x00,0x00,0x00,0x00,0x00,0x00,0x00,0x00,0x00,0x00,0x00,0x00,0x00,0x00},
{0x00,0x00,0x00,0x00,0x7F,0xC0,0x7F,0xC0,0x18,0x70,0x18,0x70,0x18,0x18,0x18,0x18,0x18,0x0C,0x18,0x0C,0x18,0x0C,0x18,0x0C,0x18,0x0C,0x18,0x0C,0x18,0x0C,0x18,0x0C,0x18,0x0C,0x18,0x0C,0x18,0x18,0x18,0x18,0x18,0x70,0x18,0x70,0x7F,0xC0,0x7F,0xC0,0x00,0x00,0x00,0x00,0x00,0x00,0x00,0x00,0x00,0x00,0x00,0x00,0x00,0x00,0x00,0x00},
{0x00,0x00,0x00,0x00,0x7F,0xFC,0x7F,0xFC,0x18,0x0C,0x18,0x0C,0x18,0x0C,0x18,0x0C,0x18,0x00,0x18,0x00,0x18,0xC0,0x18,0xC0,0x1F,0xC0,0x1F,0xC0,0x18,0xC0,0x18,0xC0,0x18,0x00,0x18,0x00,0x18,0x0C,0x18,0x0C,0x18,0x0C,0x18,0x0C,0x7F,0xFC,0x7F,0xFC,0x00,0x00,0x00,0x00,0x00,0x00,0x00,0x00,0x00,0x00,0x00,0x00,0x00,0x00,0x00,0x00},
{0x00,0x00,0x00,0x00,0x7F,0xFC,0x7F,0xFC,0x18,0x0C,0x18,0x0C,0x18,0x0C,0x18,0x0C,0x18,0x00,0x18,0x00,0x18,0xC0,0x18,0xC0,0x1F,0xC0,0x1F,0xC0,0x18,0xC0,0x18,0xC0,0x18,0x00,0x18,0x00,0x18,0x00,0x18,0x00,0x18,0x00,0x18,0x00,0x7E,0x00,0x7E,0x00,0x00,0x00,0x00,0x00,0x00,0x00,0x00,0x00,0x00,0x00,0x00,0x00,0x00,0x00,0x00,0x00},
{0x00,0x00,0x00,0x00,0x03,0xFC,0x03,0xFC,0x0E,0x0C,0x0E,0x0C,0x18,0x0C,0x18,0x0C,0x30,0x00,0x30,0x00,0x30,0x00,0x30,0x00,0x30,0x00,0x30,0x00,0x30,0x7E,0x30,0x7E,0x30,0x0C,0x30,0x0C,0x18,0x0C,0x18,0x0C,0x0E,0x0C,0x0E,0x0C,0x03,0xFC,0x03,0xFC,0x00,0x00,0x00,0x00,0x00,0x00,0x00,0x00,0x00,0x00,0x00,0x00,0x00,0x00,0x00,0x00},
{0x00,0x00,0x00,0x00,0x78,0x1E,0x78,0x1E,0x30,0x0C,0x30,0x0C,0x30,0x0C,0x30,0x0C,0x30,0x0C,0x30,0x0C,0x30,0x0C,0x30,0x0C,0x3F,0xFC,0x3F,0xFC,0x30,0x0C,0x30,0x0C,0x30,0x0C,0x30,0x0C,0x30,0x0C,0x30,0x0C,0x30,0x0C,0x30,0x0C,0x78,0x1E,0x78,0x1E,0x00,0x00,0x00,0x00,0x00,0x00,0x00,0x00,0x00,0x00,0x00,0x00,0x00,0x00,0x00,0x00},
{0x00,0x00,0x00,0x00,0x0F,0xF0,0x0F,0xF0,0x01,0x80,0x01,0x80,0x01,0x80,0x01,0x80,0x01,0x80,0x01,0x80,0x01,0x80,0x01,0x80,0x01,0x80,0x01,0x80,0x01,0x80,0x01,0x80,0x01,0x80,0x01,0x80,0x01,0x80,0x01,0x80,0x01,0x80,0x01,0x80,0x0F,0xF0,0x0F,0xF0,0x00,0x00,0x00,0x00,0x00,0x00,0x00,0x00,0x00,0x00,0x00,0x00,0x00,0x00,0x00,0x00},
{0x00,0x00,0x00,0x00,0x01,0xFE,0x01,0xFE,0x00,0x30,0x00,0x30,0x00,0x30,0x00,0x30,0x00,0x30,0x00,0x30,0x00,0x30,0x00,0x30,0x00,0x30,0x00,0x30,0x00,0x30,0x00,0x30,0x60,0x30,0x60,0x30,0x60,0x30,0x60,0x30,0x30,0x70,0x30,0x70,0x0F,0xC0,0x0F,0xC0,0x00,0x00,0x00,0x00,0x00,0x00,0x00,0x00,0x00,0x00,0x00,0x00,0x00,0x00,0x00,0x00},
{0x00,0x00,0x00,0x00,0x78,0x3E,0x78,0x3E,0x30,0x38,0x30,0x38,0x30,0xE0,0x30,0xE0,0x33,0x80,0x33,0x80,0x3F,0x00,0x3F,0x00,0x3F,0x80,0x3F,0x80,0x30,0xC0,0x30,0xC0,0x30,0x60,0x30,0x60,0x30,0x30,0x30,0x30,0x30,0x1C,0x30,0x1C,0x78,0x3E,0x78,0x3E,0x00,0x00,0x00,0x00,0x00,0x00,0x00,0x00,0x00,0x00,0x00,0x00,0x00,0x00,0x00,0x00},
{0x00,0x00,0x00,0x00,0x7E,0x00,0x7E,0x00,0x18,0x00,0x18,0x00,0x18,0x00,0x18,0x00,0x18,0x00,0x18,0x00,0x18,0x00,0x18,0x00,0x18,0x00,0x18,0x00,0x18,0x00,0x18,0x00,0x18,0x00,0x18,0x00,0x18,0x0C,0x18,0x0C,0x18,0x1C,0x18,0x1C,0x7F,0xFC,0x7F,0xFC,0x00,0x00,0x00,0x00,0x00,0x00,0x00,0x00,0x00,0x00,0x00,0x00,0x00,0x00,0x00,0x00},
{0x00,0x00,0x00,0x00,0x78,0x1E,0x78,0x1E,0x3C,0x3C,0x3C,0x3C,0x36,0x6C,0x36,0x6C,0x37,0xEC,0x37,0xEC,0x33,0xCC,0x33,0xCC,0x31,0x8C,0x31,0x8C,0x30,0x0C,0x30,0x0C,0x30,0x0C,0x30,0x0C,0x30,0x0C,0x30,0x0C,0x30,0x0C,0x30,0x0C,0x78,0x1E,0x78,0x1E,0x00,0x00,0x00,0x00,0x00,0x00,0x00,0x00,0x00,0x00,0x00,0x00,0x00,0x00,0x00,0x00},
{0x00,0x00,0x00,0x00,0x78,0x1E,0x78,0x1E,0x3C,0x0C,0x3C,0x0C,0x3E,0x0C,0x3E,0x0C,0x37,0x0C,0x37,0x0C,0x33,0x8C,0x33,0x8C,0x31,0xCC,0x31,0xCC,0x30,0xEC,0x30,0xEC,0x30,0x7C,0x30,0x7C,0x30,0x3C,0x30,0x3C,0x30,0x1C,0x30,0x1C,0x78,0x0C,0x78,0x0C,0x00,0x00,0x00,0x00,0x00,0x00,0x00,0x00,0x00,0x00,0x00,0x00,0x00,0x00,0x00,0x00},
{0x00,0x00,0x00,0x00,0x07,0xE0,0x07,0xE0,0x1C,0x38,0x1C,0x38,0x30,0x0C,0x30,0x0C,0x60,0x06,0x60,0x06,0x60,0x06,0x60,0x06,0x60,0x06,0x60,0x06,0x60,0x06,0x60,0x06,0x60,0x06,0x60,0x06,0x30,0x0C,0x30,0x0C,0x1C,0x38,0x1C,0x38,0x07,0xE0,0x07,0xE0,0x00,0x00,0x00,0x00,0x00,0x00,0x00,0x00,0x00,0x00,0x00,0x00,0x00,0x00,0x00,0x00},
{0x00,0x00,0x00,0x00,0x7F,0xE0,0x7F,0xE0,0x30,0x38,0x30,0x38,0x30,0x1C,0x30,0x1C,0x30,0x1C,0x30,0x1C,0x30,0x38,0x30,0x38,0x3F,0xE0,0x3F,0xE0,0x30,0x00,0x30,0x00,0x30,0x00,0x30,0x00,0x30,0x00,0x30,0x00,0x30,0x00,0x30,0x00,0x78,0x00,0x78,0x00,0x00,0x00,0x00,0x00,0x00,0x00,0x00,0x00,0x00,0x00,0x00,0x00,0x00,0x00,0x00,0x00},
{0x00,0x00,0x00,0x00,0x07,0xE0,0x07,0xE0,0x1C,0x38,0x1C,0x38,0x30,0x0C,0x30,0x0C,0x60,0x06,0x60,0x06,0x60,0x06,0x60,0x06,0x60,0x06,0x60,0x06,0x60,0x06,0x60,0x06,0x60,0x06,0x60,0x06,0x33,0x8C,0x33,0x8C,0x1C,0xF8,0x1C,0xF8,0x07,0xE0,0x07,0xE0,0x00,0x30,0x00,0x30,0x00,0x1C,0x00,0x1C,0x00,0x00,0x00,0x00,0x00,0x00,0x00,0x00},
{0x00,0x00,0x00,0x00,0x7F,0xF0,0x7F,0xF0,0x30,0x18,0x30,0x18,0x30,0x0C,0x30,0x0C,0x30,0x0C,0x30,0x0C,0x30,0x18,0x30,0x18,0x3F,0xF0,0x3F,0xF0,0x30,0x60,0x30,0x60,0x30,0x30,0x30,0x30,0x30,0x18,0x30,0x18,0x30,0x18,0x30,0x18,0x78,0x1E,0x78,0x1E,0x00,0x00,0x00,0x00,0x00,0x00,0x00,0x00,0x00,0x00,0x00,0x00,0x00,0x00,0x00,0x00},
{0x00,0x00,0x00,0x00,0x07,0xF8,0x07,0xF8,0x1C,0x38,0x1C,0x38,0x38,0x18,0x38,0x18,0x38,0x00,0x38,0x00,0x1E,0x00,0x1E,0x00,0x03,0xC0,0x03,0xC0,0x00,0x78,0x00,0x78,0x00,0x1C,0x00,0x1C,0x30,0x1C,0x30,0x1C,0x3C,0x38,0x3C,0x38,0x3F,0xE0,0x3F,0xE0,0x00,0x00,0x00,0x00,0x00,0x00,0x00,0x00,0x00,0x00,0x00,0x00,0x00,0x00,0x00,0x00},
{0x00,0x00,0x00,0x00,0x7F,0xFE,0x7F,0xFE,0x71,0x8E,0x71,0x8E,0x61,0x86,0x61,0x86,0x01,0x80,0x01,0x80,0x01,0x80,0x01,0x80,0x01,0x80,0x01,0x80,0x01,0x80,0x01,0x80,0x01,0x80,0x01,0x80,0x01,0x80,0x01,0x80,0x01,0x80,0x01,0x80,0x07,0xE0,0x07,0xE0,0x00,0x00,0x00,0x00,0x00,0x00,0x00,0x00,0x00,0x00,0x00,0x00,0x00,0x00,0x00,0x00},
{0x00,0x00,0x00,0x00,0x78,0x1E,0x78,0x1E,0x30,0x0C,0x30,0x0C,0x30,0x0C,0x30,0x0C,0x30,0x0C,0x30,0x0C,0x30,0x0C,0x30,0x0C,0x30,0x0C,0x30,0x0C,0x30,0x0C,0x30,0x0C,0x30,0x0C,0x30,0x0C,0x30,0x0C,0x30,0x0C,0x1C,0x38,0x1C,0x38,0x07,0xE0,0x07,0xE0,0x00,0x00,0x00,0x00,0x00,0x00,0x00,0x00,0x00,0x00,0x00,0x00,0x00,0x00,0x00,0x00},
{0x00,0x00,0x00,0x00,0x78,0x1E,0x78,0x1E,0x30,0x0C,0x30,0x0C,0x30,0x0C,0x30,0x0C,0x18,0x18,0x18,0x18,0x18,0x18,0x18,0x18,0x0C,0x30,0x0C,0x30,0x0C,0x30,0x0C,0x30,0x06,0x60,0x06,0x60,0x06,0x60,0x06,0x60,0x03,0xC0,0x03,0xC0,0x01,0x80,0x01,0x80,0x00,0x00,0x00,0x00,0x00,0x00,0x00,0x00,0x00,0x00,0x00,0x00,0x00,0x00,0x00,0x00},
{0x00,0x00,0x00,0x00,0x78,0x1E,0x78,0x1E,0x30,0x0C,0x30,0x0C,0x30,0x0C,0x30,0x0C,0x30,0x0C,0x30,0x0C,0x30,0x0C,0x30,0x0C,0x31,0x8C,0x31,0x8C,0x33,0xCC,0x33,0xCC,0x37,0xEC,0x37,0xEC,0x36,0x6C,0x36,0x6C,0x3C,0x3C,0x3C,0x3C,0x38,0x1C,0x38,0x1C,0x00,0x00,0x00,0x00,0x00,0x00,0x00,0x00,0x00,0x00,0x00,0x00,0x00,0x00,0x00,0x00},
{0x00,0x00,0x00,0x00,0x7C,0x3E,0x7C,0x3E,0x18,0x18,0x18,0x18,0x0C,0x30,0x0C,0x30,0x06,0x60,0x06,0x60,0x03,0xC0,0x03,0xC0,0x01,0x80,0x01,0x80,0x03,0xC0,0x03,0xC0,0x06,0x60,0x06,0x60,0x0C,0x30,0x0C,0x30,0x18,0x18,0x18,0x18,0x7C,0x3E,0x7C,0x3E,0x00,0x00,0x00,0x00,0x00,0x00,0x00,0x00,0x00,0x00,0x00,0x00,0x00,0x00,0x00,0x00},
{0x00,0x00,0x00,0x00,0x7C,0x3E,0x7C,0x3E,0x18,0x18,0x18,0x18,0x0C,0x30,0x0C,0x30,0x06,0x60,0x06,0x60,0x03,0xC0,0x03,0xC0,0x01,0x80,0x01,0x80,0x01,0x80,0x01,0x80,0x01,0x80,0x01,0x80,0x01,0x80,0x01,0x80,0x01,0x80,0x01,0x80,0x07,0xE0,0x07,0xE0,0x00,0x00,0x00,0x00,0x00,0x00,0x00,0x00,0x00,0x00,0x00,0x00,0x00,0x00,0x00,0x00},
{0x00,0x00,0x00,0x00,0x3F,0xFC,0x3F,0xFC,0x38,0x18,0x38,0x18,0x30,0x30,0x30,0x30,0x00,0x60,0x00,0x60,0x00,0xC0,0x00,0xC0,0x01,0x80,0x01,0x80,0x03,0x00,0x03,0x00,0x06,0x00,0x06,0x00,0x0C,0x0C,0x0C,0x0C,0x18,0x1C,0x18,0x1C,0x3F,0xFC,0x3F,0xFC,0x00,0x00,0x00,0x00,0x00,0x00,0x00,0x00,0x00,0x00,0x00,0x00,0x00,0x00,0x00,0x00},
{0x0F,0xF0,0x0F,0xF0,0x0C,0x00,0x0C,0x00,0x0C,0x00,0x0C,0x00,0x0C,0x00,0x0C,0x00,0x0C,0x00,0x0C,0x00,0x0C,0x00,0x0C,0x00,0x0C,0x00,0x0C,0x00,0x0C,0x00,0x0C,0x00,0x0C,0x00,0x0C,0x00,0x0C,0x00,0x0C,0x00,0x0C,0x00,0x0C,0x00,0x0C,0x00,0x0C,0x00,0x0F,0xF0,0x0F,0xF0,0x00,0x00,0x00,0x00,0x00,0x00,0x00,0x00,0x00,0x00,0x00,0x00},
{0x60,0x00,0x60,0x00,0x30,0x00,0x30,0x00,0x18,0x00,0x18,0x00,0x0C,0x00,0x0C,0x00,0x06,0x00,0x06,0x00,0x03,0x00,0x03,0x00,0x01,0x80,0x01,0x80,0x00,0xC0,0x00,0xC0,0x00,0x60,0x00,0x60,0x00,0x30,0x00,0x30,0x00,0x18,0x00,0x18,0x00,0x0C,0x00,0x0C,0x00,0x06,0x00,0x06,0x00,0x00,0x00,0x00,0x00,0x00,0x00,0x00,0x00,0x00,0x00,0x00},
{0x0F,0xF0,0x0F,0xF0,0x00,0x30,0x00,0x30,0x00,0x30,0x00,0x30,0x00,0x30,0x00,0x30,0x00,0x30,0x00,0x30,0x00,0x30,0x00,0x30,0x00,0x30,0x00,0x30,0x00,0x30,0x00,0x30,0x00,0x30,0x00,0x30,0x00,0x30,0x00,0x30,0x00,0x30,0x00,0x30,0x00,0x30,0x00,0x30,0x0F,0xF0,0x0F,0xF0,0x00,0x00,0x00,0x00,0x00,0x00,0x00,0x00,0x00,0x00,0x00,0x00},
{0x00,0x00,0x00,0x00,0x01,0x80,0x01,0x80,0x06,0x60,0x06,0x60,0x18,0x18,0x18,0x18,0x00,0x00,0x00,0x00,0x00,0x00,0x00,0x00,0x00,0x00,0x00,0x00,0x00,0x00,0x00,0x00,0x00,0x00,0x00,0x00,0x00,0x00,0x00,0x00,0x00,0x00,0x00,0x00,0x00,0x00,0x00,0x00,0x00,0x00,0x00,0x00,0x00,0x00,0x00,0x00,0x00,0x00,0x00,0x00,0x00,0x00,0x00,0x00},
{0x00,0x00,0x00,0x00,0x00,0x00,0x00,0x00,0x00,0x00,0x00,0x00,0x00,0x00,0x00,0x00,0x00,0x00,0x00,0x00,0x00,0x00,0x00,0x00,0x00,0x00,0x00,0x00,0x00,0x00,0x00,0x00,0x00,0x00,0x00,0x00,0x00,0x00,0x00,0x00,0x00,0x00,0x00,0x00,0x00,0x00,0x00,0x00,0x00,0x00,0x00,0x00,0x00,0x00,0x00,0x00,0x00,0x00,0x00,0x00,0x3F,0xFC,0x3F,0xFC},
{0x00,0x00,0x00,0x00,0x03,0x80,0x03,0x80,0x03,0x80,0x03,0x80,0x01,0x80,0x01,0x80,0x00,0xC0,0x00,0xC0,0x00,0x00,0x00,0x00,0x00,0x00,0x00,0x00,0x00,0x00,0x00,0x00,0x00,0x00,0x00,0x00,0x00,0x00,0x00,0x00,0x00,0x00,0x00,0x00,0x00,0x00,0x00,0x00,0x00,0x00,0x00,0x00,0x00,0x00,0x00,0x00,0x00,0x00,0x00,0x00,0x00,0x00,0x00,0x00},
{0x00,0x00,0x00,0x00,0x00,0x00,0x00,0x00,0x00,0x00,0x00,0x00,0x00,0x00,0x00,0x00,0x1F,0xE0,0x1F,0xE0,0x70,0x70,0x70,0x70,0x00,0x30,0x00,0x30,0x0F,0xF0,0x0F,0xF0,0x38,0x30,0x38,0x30,0x60,0x30,0x60,0x30,0x70,0x76,0x70,0x76,0x1F,0xDE,0x1F,0xDE,0x00,0x00,0x00,0x00,0x00,0x00,0x00,0x00,0x00,0x00,0x00,0x00,0x00,0x00,0x00,0x00},
{0x00,0x00,0x00,0x00,0x78,0x00,0x78,0x00,0x18,0x00,0x18,0x00,0x18,0x00,0x18,0x00,0x1B,0xE0,0x1B,0xE0,0x1E,0x38,0x1E,0x38,0x18,0x0C,0x18,0x0C,0x18,0x0C,0x18,0x0C,0x18,0x0C,0x18,0x0C,0x18,0x0C,0x18,0x0C,0x1E,0x38,0x1E,0x38,0x1B,0xE0,0x1B,0xE0,0x00,0x00,0x00,0x00,0x00,0x00,0x00,0x00,0x00,0x00,0x00,0x00,0x00,0x00,0x00,0x00},
{0x00,0x00,0x00,0x00,0x00,0x00,0x00,0x00,0x00,0x00,0x00,0x00,0x00,0x00,0x00,0x00,0x07,0xF0,0x07,0xF0,0x1C,0x3C,0x1C,0x3C,0x30,0x0C,0x30,0x0C,0x30,0x00,0x30,0x00,0x30,0x00,0x30,0x00,0x30,0x00,0x30,0x00,0x1C,0x1C,0x1C,0x1C,0x07,0xE0,0x07,0xE0,0x00,0x00,0x00,0x00,0x00,0x00,0x00,0x00,0x00,0x00,0x00,0x00,0x00,0x00,0x00,0x00},
{0x00,0x00,0x00,0x00,0x00,0x78,0x00,0x78,0x00,0x18,0x00,0x18,0x00,0x18,0x00,0x18,0x07,0xD8,0x07,0xD8,0x1C,0x78,0x1C,0x78,0x30,0x18,0x30,0x18,0x30,0x18,0x30,0x18,0x30,0x18,0x30,0x18,0x30,0x18,0x30,0x18,0x1C,0x78,0x1C,0x78,0x07,0xEE,0x07,0xEE,0x00,0x00,0x00,0x00,0x00,0x00,0x00,0x00,0x00,0x00,0x00,0x00,0x00,0x00,0x00,0x00},
{0x00,0x00,0x00,0x00,0x00,0x00,0x00,0x00,0x00,0x00,0x00,0x00,0x00,0x00,0x00,0x00,0x07,0xE0,0x07,0xE0,0x1C,0x38,0x1C,0x38,0x30,0x0C,0x30,0x0C,0x3F,0xFC,0x3F,0xFC,0x30,0x00,0x30,0x00,0x30,0x00,0x30,0x00,0x1C,0x1C,0x1C,0x1C,0x07,0xF0,0x07,0xF0,0x00,0x00,0x00,0x00,0x00,0x00,0x00,0x00,0x00,0x00,0x00,0x00,0x00,0x00,0x00,0x00},
{0x00,0x00,0x00,0x00,0x01,0xF8,0x01,0xF8,0x03,0x9C,0x03,0x9C,0x03,0x1C,0x03,0x1C,0x03,0x00,0x03,0x00,0x1F,0xE0,0x1F,0xE0,0x03,0x00,0x03,0x00,0x03,0x00,0x03,0x00,0x03,0x00,0x03,0x00,0x03,0x00,0x03,0x00,0x03,0x00,0x03,0x00,0x1F,0xE0,0x1F,0xE0,0x00,0x00,0x00,0x00,0x00,0x00,0x00,0x00,0x00,0x00,0x00,0x00,0x00,0x00,0x00,0x00},
{0x00,0x00,0x00,0x00,0x00,0x00,0x00,0x00,0x00,0x00,0x00,0x00,0x00,0x00,0x00,0x00,0x07,0xFC,0x07,0xFC,0x1C,0x3C,0x1C,0x3C,0x18,0x30,0x18,0x30,0x1C,0x70,0x1C,0x70,0x0F,0xC0,0x0F,0xC0,0x38,0x00,0x38,0x00,0x30,0x00,0x30,0x00,0x1F,0xF0,0x1F,0xF0,0x38,0x1C,0x38,0x1C,0x70,0x0E,0x70,0x0E,0x38,0x1C,0x38,0x1C,0x0F,0xF0,0x0F,0xF0},
{0x00,0x00,0x00,0x00,0x70,0x00,0x70,0x00,0x30,0x00,0x30,0x00,0x30,0x00,0x30,0x00,0x37,0xE0,0x37,0xE0,0x3C,0x38,0x3C,0x38,0x38,0x0C,0x38,0x0C,0x30,0x0C,0x30,0x0C,0x30,0x0C,0x30,0x0C,0x30,0x0C,0x30,0x0C,0x30,0x0C,0x30,0x0C,0x78,0x1E,0x78,0x1E,0x00,0x00,0x00,0x00,0x00,0x00,0x00,0x00,0x00,0x00,0x00,0x00,0x00,0x00,0x00,0x00},
{0x00,0x00,0x00,0x00,0x03,0x80,0x03,0x80,0x03,0x80,0x03,0x80,0x00,0x00,0x00,0x00,0x0F,0x80,0x0F,0x80,0x01,0x80,0x01,0x80,0x01,0x80,0x01,0x80,0x01,0x80,0x01,0x80,0x01,0x80,0x01,0x80,0x01,0x80,0x01,0x80,0x01,0x80,0x01,0x80,0x0F,0xF0,0x0F,0xF0,0x00,0x00,0x00,0x00,0x00,0x00,0x00,0x00,0x00,0x00,0x00,0x00,0x00,0x00,0x00,0x00},
{0x00,0x00,0x00,0x00,0x00,0xE0,0x00,0xE0,0x00,0xE0,0x00,0xE0,0x00,0x00,0x00,0x00,0x07,0xE0,0x07,0xE0,0x00,0x60,0x00,0x60,0x00,0x60,0x00,0x60,0x00,0x60,0x00,0x60,0x00,0x60,0x00,0x60,0x00,0x60,0x00,0x60,0x00,0x60,0x00,0x60,0x00,0x60,0x00,0x60,0x70,0x60,0x70,0x60,0x70,0xE0,0x70,0xE0,0x39,0xC0,0x39,0xC0,0x1F,0x80,0x1F,0x80},
{0x00,0x00,0x00,0x00,0x70,0x00,0x70,0x00,0x30,0x00,0x30,0x00,0x30,0x00,0x30,0x00,0x30,0x7C,0x30,0x7C,0x30,0x70,0x30,0x70,0x31,0xC0,0x31,0xC0,0x37,0x80,0x37,0x80,0x3C,0xC0,0x3C,0xC0,0x30,0x60,0x30,0x60,0x30,0x30,0x30,0x30,0x78,0x7C,0x78,0x7C,0x00,0x00,0x00,0x00,0x00,0x00,0x00,0x00,0x00,0x00,0x00,0x00,0x00,0x00,0x00,0x00},
{0x00,0x00,0x00,0x00,0x0F,0x80,0x0F,0x80,0x01,0x80,0x01,0x80,0x01,0x80,0x01,0x80,0x01,0x80,0x01,0x80,0x01,0x80,0x01,0x80,0x01,0x80,0x01,0x80,0x01,0x80,0x01,0x80,0x01,0x80,0x01,0x80,0x01,0x80,0x01,0x80,0x01,0x80,0x01,0x80,0x0F,0xF0,0x0F,0xF0,0x00,0x00,0x00,0x00,0x00,0x00,0x00,0x00,0x00,0x00,0x00,0x00,0x00,0x00,0x00,0x00},
{0x00,0x00,0x00,0x00,0x00,0x00,0x00,0x00,0x00,0x00,0x00,0x00,0x00,0x00,0x00,0x00,0x6E,0x78,0x6E,0x78,0x39,0xCC,0x39,0xCC,0x31,0x8C,0x31,0x8C,0x31,0x8C,0x31,0x8C,0x31,0x8C,0x31,0x8C,0x31,0x8C,0x31,0x8C,0x31,0x8C,0x31,0x8C,0x7B,0xDE,0x7B,0xDE,0x00,0x00,0x00,0x00,0x00,0x00,0x00,0x00,0x00,0x00,0x00,0x00,0x00,0x00,0x00,0x00},
{0x00,0x00,0x00,0x00,0x00,0x00,0x00,0x00,0x00,0x00,0x00,0x00,0x00,0x00,0x00,0x00,0x77,0xF0,0x77,0xF0,0x1C,0x1C,0x1C,0x1C,0x18,0x0C,0x18,0x0C,0x18,0x0C,0x18,0x0C,0x18,0x0C,0x18,0x0C,0x18,0x0C,0x18,0x0C,0x18,0x0C,0x18,0x0C,0x3C,0x1E,0x3C,0x1E,0x00,0x00,0x00,0x00,0x00,0x00,0x00,0x00,0x00,0x00,0x00,0x00,0x00,0x00,0x00,0x00},
{0x00,0x00,0x00,0x00,0x00,0x00,0x00,0x00,0x00,0x00,0x00,0x00,0x00,0x00,0x00,0x00,0x07,0xE0,0x07,0xE0,0x1C,0x38,0x1C,0x38,0x30,0x0C,0x30,0x0C,0x30,0x0C,0x30,0x0C,0x30,0x0C,0x30,0x0C,0x30,0x0C,0x30,0x0C,0x1C,0x38,0x1C,0x38,0x07,0xE0,0x07,0xE0,0x00,0x00,0x00,0x00,0x00,0x00,0x00,0x00,0x00,0x00,0x00,0x00,0x00,0x00,0x00,0x00},
{0x00,0x00,0x00,0x00,0x00,0x00,0x00,0x00,0x00,0x00,0x00,0x00,0x00,0x00,0x00,0x00,0x77,0xE0,0x77,0xE0,0x3C,0x38,0x3C,0x38,0x30,0x0C,0x30,0x0C,0x30,0x0C,0x30,0x0C,0x30,0x0C,0x30,0x0C,0x30,0x0C,0x30,0x0C,0x3C,0x38,0x3C,0x38,0x37,0xE0,0x37,0xE0,0x30,0x00,0x30,0x00,0x30,0x00,0x30,0x00,0x30,0x00,0x30,0x00,0x78,0x00,0x78,0x00},
{0x00,0x00,0x00,0x00,0x00,0x00,0x00,0x00,0x00,0x00,0x00,0x00,0x00,0x00,0x00,0x00,0x07,0xEC,0x07,0xEC,0x1C,0x3C,0x1C,0x3C,0x30,0x1C,0x30,0x1C,0x30,0x0C,0x30,0x0C,0x30,0x0C,0x30,0x0C,0x30,0x0C,0x30,0x0C,0x1C,0x3C,0x1C,0x3C,0x07,0xEC,0x07,0xEC,0x00,0x0C,0x00,0x0C,0x00,0x0C,0x00,0x0C,0x00,0x0C,0x00,0x0C,0x00,0x1E,0x00,0x1E},
{0x00,0x00,0x00,0x00,0x00,0x00,0x00,0x00,0x00,0x00,0x00,0x00,0x00,0x00,0x00,0x00,0x77,0xF8,0x77,0xF8,0x1C,0x1C,0x1C,0x1C,0x18,0x00,0x18,0x00,0x18,0x00,0x18,0x00,0x18,0x00,0x18,0x00,0x18,0x00,0x18,0x00,0x18,0x00,0x18,0x00,0x7E,0x00,0x7E,0x00,0x00,0x00,0x00,0x00,0x00,0x00,0x00,0x00,0x00,0x00,0x00,0x00,0x00,0x00,0x00,0x00},
{0x00,0x00,0x00,0x00,0x00,0x00,0x00,0x00,0x00,0x00,0x00,0x00,0x00,0x00,0x00,0x00,0x0F,0xE0,0x0F,0xE0,0x38,0x38,0x38,0x38,0x38,0x00,0x38,0x00,0x0F,0xE0,0x0F,0xE0,0x00,0x38,0x00,0x38,0x00,0x1C,0x00,0x1C,0x38,0x38,0x38,0x38,0x0F,0xE0,0x0F,0xE0,0x00,0x00,0x00,0x00,0x00,0x00,0x00,0x00,0x00,0x00,0x00,0x00,0x00,0x00,0x00,0x00},
{0x00,0x00,0x00,0x00,0x06,0x00,0x06,0x00,0x06,0x00,0x06,0x00,0x06,0x00,0x06,0x00,0x7F,0xF0,0x7F,0xF0,0x06,0x00,0x06,0x00,0x06,0x00,0x06,0x00,0x06,0x00,0x06,0x00,0x06,0x00,0x06,0x00,0x06,0x18,0x06,0x18,0x07,0x38,0x07,0x38,0x01,0xE0,0x01,0xE0,0x00,0x00,0x00,0x00,0x00,0x00,0x00,0x00,0x00,0x00,0x00,0x00,0x00,0x00,0x00,0x00},
{0x00,0x00,0x00,0x00,0x00,0x00,0x00,0x00,0x00,0x00,0x00,0x00,0x00,0x00,0x00,0x00,0x70,0x1C,0x70,0x1C,0x30,0x0C,0x30,0x0C,0x30,0x0C,0x30,0x0C,0x30,0x0C,0x30,0x0C,0x30,0x0C,0x30,0x0C,0x30,0x1C,0x30,0x1C,0x18,0x3C,0x18,0x3C,0x0F,0xEE,0x0F,0xEE,0x00,0x00,0x00,0x00,0x00,0x00,0x00,0x00,0x00,0x00,0x00,0x00,0x00,0x00,0x00,0x00},
{0x00,0x00,0x00,0x00,0x00,0x00,0x00,0x00,0x00,0x00,0x00,0x00,0x00,0x00,0x00,0x00,0x78,0x1E,0x78,0x1E,0x30,0x0C,0x30,0x0C,0x30,0x0C,0x30,0x0C,0x18,0x18,0x18,0x18,0x0C,0x30,0x0C,0x30,0x06,0x60,0x06,0x60,0x03,0xC0,0x03,0xC0,0x01,0x80,0x01,0x80,0x00,0x00,0x00,0x00,0x00,0x00,0x00,0x00,0x00,0x00,0x00,0x00,0x00,0x00,0x00,0x00},
{0x00,0x00,0x00,0x00,0x00,0x00,0x00,0x00,0x00,0x00,0x00,0x00,0x00,0x00,0x00,0x00,0xF0,0x0F,0xF0,0x0F,0x60,0x06,0x60,0x06,0x60,0x06,0x60,0x06,0x31,0x8C,0x31,0x8C,0x31,0x8C,0x31,0x8C,0x19,0x98,0x19,0x98,0x1B,0xD8,0x1B,0xD8,0x0E,0x70,0x0E,0x70,0x00,0x00,0x00,0x00,0x00,0x00,0x00,0x00,0x00,0x00,0x00,0x00,0x00,0x00,0x00,0x00},
{0x00,0x00,0x00,0x00,0x00,0x00,0x00,0x00,0x00,0x00,0x00,0x00,0x00,0x00,0x00,0x00,0x7C,0x3E,0x7C,0x3E,0x38,0x1C,0x38,0x1C,0x0E,0x70,0x0E,0x70,0x03,0xC0,0x03,0xC0,0x07,0xE0,0x07,0xE0,0x0E,0x70,0x0E,0x70,0x38,0x1C,0x38,0x1C,0x7C,0x3E,0x7C,0x3E,0x00,0x00,0x00,0x00,0x00,0x00,0x00,0x00,0x00,0x00,0x00,0x00,0x00,0x00,0x00,0x00},
{0x00,0x00,0x00,0x00,0x00,0x00,0x00,0x00,0x00,0x00,0x00,0x00,0x00,0x00,0x00,0x00,0x7C,0x3E,0x7C,0x3E,0x18,0x18,0x18,0x18,0x0C,0x18,0x0C,0x18,0x06,0x30,0x06,0x30,0x03,0x30,0x03,0x30,0x01,0xE0,0x01,0xE0,0x00,0xE0,0x00,0xE0,0x00,0xC0,0x00,0xC0,0x30,0xC0,0x30,0xC0,0x31,0x80,0x31,0x80,0x1F,0x00,0x1F,0x00,0x00,0x00,0x00,0x00},
{0x00,0x00,0x00,0x00,0x00,0x00,0x00,0x00,0x00,0x00,0x00,0x00,0x00,0x00,0x00,0x00,0x3F,0xFC,0x3F,0xFC,0x30,0x1C,0x30,0x1C,0x30,0x38,0x30,0x38,0x00,0xE0,0x00,0xE0,0x03,0x80,0x03,0x80,0x0E,0x0C,0x0E,0x0C,0x38,0x0C,0x38,0x0C,0x3F,0xFC,0x3F,0xFC,0x00,0x00,0x00,0x00,0x00,0x00,0x00,0x00,0x00,0x00,0x00,0x00,0x00,0x00,0x00,0x00},
{0x01,0xF0,0x01,0xF0,0x03,0x80,0x03,0x80,0x03,0x00,0x03,0x00,0x03,0x00,0x03,0x00,0x03,0x00,0x03,0x00,0x07,0x00,0x07,0x00,0x1E,0x00,0x1E,0x00,0x07,0x00,0x07,0x00,0x03,0x00,0x03,0x00,0x03,0x00,0x03,0x00,0x03,0x00,0x03,0x00,0x03,0x80,0x03,0x80,0x01,0xF0,0x01,0xF0,0x00,0x00,0x00,0x00,0x00,0x00,0x00,0x00,0x00,0x00,0x00,0x00},
{0x01,0x80,0x01,0x80,0x01,0x80,0x01,0x80,0x01,0x80,0x01,0x80,0x01,0x80,0x01,0x80,0x01,0x80,0x01,0x80,0x01,0x80,0x01,0x80,0x00,0x00,0x00,0x00,0x01,0x80,0x01,0x80,0x01,0x80,0x01,0x80,0x01,0x80,0x01,0x80,0x01,0x80,0x01,0x80,0x01,0x80,0x01,0x80,0x01,0x80,0x01,0x80,0x00,0x00,0x00,0x00,0x00,0x00,0x00,0x00,0x00,0x00,0x00,0x00},
{0x0F,0x80,0x0F,0x80,0x01,0xC0,0x01,0xC0,0x00,0xC0,0x00,0xC0,0x00,0xC0,0x00,0xC0,0x00,0xC0,0x00,0xC0,0x00,0xE0,0x00,0xE0,0x00,0x78,0x00,0x78,0x00,0xE0,0x00,0xE0,0x00,0xC0,0x00,0xC0,0x00,0xC0,0x00,0xC0,0x00,0xC0,0x00,0xC0,0x01,0xC0,0x01,0xC0,0x0F,0x80,0x0F,0x80,0x00,0x00,0x00,0x00,0x00,0x00,0x00,0x00,0x00,0x00,0x00,0x00},
{0x1E,0x00,0x1E,0x00,0x73,0xCE,0x73,0xCE,0x00,0x78,0x00,0x78,0x00,0x00,0x00,0x00,0x00,0x00,0x00,0x00,0x00,0x00,0x00,0x00,0x00,0x00,0x00,0x00,0x00,0x00,0x00,0x00,0x00,0x00,0x00,0x00,0x00,0x00,0x00,0x00,0x00,0x00,0x00,0x00,0x00,0x00,0x00,0x00,0x00,0x00,0x00,0x00,0x00,0x00,0x00,0x00,0x00,0x00,0x00,0x00,0x00,0x00,0x00,0x00},
{0x00,0x00,0x00,0x00,0x00,0x00,0x00,0x00,0x00,0x00,0x00,0x00,0x00,0x00,0x00,0x00,0x0E,0x00,0x0E,0x00,0x31,0x8C,0x31,0x8C,0x00,0x70,0x00,0x70,0x00,0x00,0x00,0x00,0x0E,0x00,0x0E,0x00,0x31,0x8C,0x31,0x8C,0x00,0x70,0x00,0x70,0x00,0x00,0x00,0x00,0x00,0x00,0x00,0x00,0x00,0x00,0x00,0x00,0x00,0x00,0x00,0x00,0x00,0x00,0x00,0x00},
{0x00,0x00,0x00,0x00,0x0F,0x80,0x0F,0x80,0x03,0xC0,0x03,0xC0,0x06,0x60,0x06,0x60,0x06,0x60,0x06,0x60,0x0C,0x30,0x0C,0x30,0x0C,0x30,0x0C,0x30,0x18,0x18,0x18,0x18,0x1F,0xF8,0x1F,0xF8,0x30,0x0C,0x30,0x0C,0x30,0x0C,0x30,0x0C,0x78,0x1E,0x78,0x1E,0x00,0x00,0x00,0x00,0x00,0x00,0x00,0x00,0x00,0x00,0x00,0x00,0x00,0x00,0x00,0x00},
{0x00,0x00,0x00,0x00,0x7F,0xFC,0x7F,0xFC,0x18,0x0C,0x18,0x0C,0x18,0x00,0x18,0x00,0x18,0x00,0x18,0x00,0x18,0x00,0x18,0x00,0x1F,0xF0,0x1F,0xF0,0x18,0x1C,0x18,0x1C,0x18,0x0E,0x18,0x0E,0x18,0x0E,0x18,0x0E,0x18,0x1C,0x18,0x1C,0x7F,0xF0,0x7F,0xF0,0x00,0x00,0x00,0x00,0x00,0x00,0x00,0x00,0x00,0x00,0x00,0x00,0x00,0x00,0x00,0x00},
{0x00,0x00,0x00,0x00,0x7F,0xF0,0x7F,0xF0,0x18,0x18,0x18,0x18,0x18,0x0C,0x18,0x0C,0x18,0x0C,0x18,0x0C,0x18,0x18,0x18,0x18,0x1F,0xF0,0x1F,0xF0,0x18,0x18,0x18,0x18,0x18,0x0C,0x18,0x0C,0x18,0x0C,0x18,0x0C,0x18,0x18,0x18,0x18,0x7F,0xF0,0x7F,0xF0,0x00,0x00,0x00,0x00,0x00,0x00,0x00,0x00,0x00,0x00,0x00,0x00,0x00,0x00,0x00,0x00},
{0x00,0x00,0x00,0x00,0x7F,0xFC,0x7F,0xFC,0x18,0x1C,0x18,0x1C,0x18,0x0C,0x18,0x0C,0x18,0x00,0x18,0x00,0x18,0x00,0x18,0x00,0x18,0x00,0x18,0x00,0x18,0x00,0x18,0x00,0x18,0x00,0x18,0x00,0x18,0x00,0x18,0x00,0x18,0x00,0x18,0x00,0x7E,0x00,0x7E,0x00,0x00,0x00,0x00,0x00,0x00,0x00,0x00,0x00,0x00,0x00,0x00,0x00,0x00,0x00,0x00,0x00},
{0x00,0x00,0x00,0x00,0x0F,0xFE,0x0F,0xFE,0x03,0x18,0x03,0x18,0x03,0x18,0x03,0x18,0x06,0x18,0x06,0x18,0x06,0x18,0x06,0x18,0x06,0x18,0x06,0x18,0x0C,0x18,0x0C,0x18,0x0C,0x18,0x0C,0x18,0x0C,0x18,0x0C,0x18,0x18,0x18,0x18,0x18,0x7F,0xFE,0x7F,0xFE,0x60,0x06,0x60,0x06,0x60,0x06,0x60,0x06,0x00,0x00,0x00,0x00,0x00,0x00,0x00,0x00},
{0x00,0x00,0x00,0x00,0x7F,0xFC,0x7F,0xFC,0x18,0x0C,0x18,0x0C,0x18,0x0C,0x18,0x0C,0x18,0x00,0x18,0x00,0x18,0xC0,0x18,0xC0,0x1F,0xC0,0x1F,0xC0,0x18,0xC0,0x18,0xC0,0x18,0x00,0x18,0x00,0x18,0x0C,0x18,0x0C,0x18,0x0C,0x18,0x0C,0x7F,0xFC,0x7F,0xFC,0x00,0x00,0x00,0x00,0x00,0x00,0x00,0x00,0x00,0x00,0x00,0x00,0x00,0x00,0x00,0x00},
{0x00,0x00,0x00,0x00,0x73,0xCE,0x73,0xCE,0x31,0x8C,0x31,0x8C,0x31,0x8C,0x31,0x8C,0x31,0x8C,0x31,0x8C,0x1D,0xB8,0x1D,0xB8,0x07,0xE0,0x07,0xE0,0x1D,0xB8,0x1D,0xB8,0x31,0x8C,0x31,0x8C,0x31,0x8C,0x31,0x8C,0x31,0x8C,0x31,0x8C,0x73,0xCE,0x73,0xCE,0x00,0x00,0x00,0x00,0x00,0x00,0x00,0x00,0x00,0x00,0x00,0x00,0x00,0x00,0x00,0x00},
{0x00,0x00,0x00,0x00,0x3F,0xE0,0x3F,0xE0,0x30,0x18,0x30,0x18,0x30,0x0C,0x30,0x0C,0x00,0x0C,0x00,0x0C,0x00,0x18,0x00,0x18,0x03,0xF0,0x03,0xF0,0x00,0x18,0x00,0x18,0x00,0x0C,0x00,0x0C,0x30,0x0C,0x30,0x0C,0x18,0x18,0x18,0x18,0x07,0xE0,0x07,0xE0,0x00,0x00,0x00,0x00,0x00,0x00,0x00,0x00,0x00,0x00,0x00,0x00,0x00,0x00,0x00,0x00},
{0x00,0x00,0x00,0x00,0x78,0x1E,0x78,0x1E,0x30,0x3C,0x30,0x3C,0x30,0x7C,0x30,0x7C,0x30,0xEC,0x30,0xEC,0x31,0xCC,0x31,0xCC,0x33,0x8C,0x33,0x8C,0x37,0x0C,0x37,0x0C,0x3E,0x0C,0x3E,0x0C,0x3C,0x0C,0x3C,0x0C,0x38,0x0C,0x38,0x0C,0x70,0x1E,0x70,0x1E,0x00,0x00,0x00,0x00,0x00,0x00,0x00,0x00,0x00,0x00,0x00,0x00,0x00,0x00,0x00,0x00},
{0x1C,0x70,0x1C,0x70,0x07,0xC0,0x07,0xC0,0x70,0x1E,0x70,0x1E,0x30,0x3C,0x30,0x3C,0x30,0x7C,0x30,0x7C,0x30,0xEC,0x30,0xEC,0x31,0xCC,0x31,0xCC,0x33,0x8C,0x33,0x8C,0x37,0x0C,0x37,0x0C,0x3E,0x0C,0x3E,0x0C,0x3C,0x0C,0x3C,0x0C,0x78,0x1E,0x78,0x1E,0x00,0x00,0x00,0x00,0x00,0x00,0x00,0x00,0x00,0x00,0x00,0x00,0x00,0x00,0x00,0x00},
{0x00,0x00,0x00,0x00,0x78,0x3E,0x78,0x3E,0x30,0x38,0x30,0x38,0x30,0xE0,0x30,0xE0,0x33,0x80,0x33,0x80,0x3F,0x00,0x3F,0x00,0x3F,0x80,0x3F,0x80,0x30,0xC0,0x30,0xC0,0x30,0x60,0x30,0x60,0x30,0x30,0x30,0x30,0x30,0x1C,0x30,0x1C,0x78,0x3E,0x78,0x3E,0x00,0x00,0x00,0x00,0x00,0x00,0x00,0x00,0x00,0x00,0x00,0x00,0x00,0x00,0x00,0x00},
{0x00,0x00,0x00,0x00,0x0F,0xFE,0x0F,0xFE,0x06,0x0C,0x06,0x0C,0x06,0x0C,0x06,0x0C,0x06,0x0C,0x06,0x0C,0x06,0x0C,0x06,0x0C,0x06,0x0C,0x06,0x0C,0x06,0x0C,0x06,0x0C,0x06,0x0C,0x06,0x0C,0x66,0x0C,0x66,0x0C,0x66,0x0C,0x66,0x0C,0x7C,0x1E,0x7C,0x1E,0x00,0x00,0x00,0x00,0x00,0x00,0x00,0x00,0x00,0x00,0x00,0x00,0x00,0x00,0x00,0x00},
{0x00,0x00,0x00,0x00,0x78,0x1E,0x78,0x1E,0x3C,0x3C,0x3C,0x3C,0x36,0x6C,0x36,0x6C,0x37,0xEC,0x37,0xEC,0x33,0xCC,0x33,0xCC,0x31,0x8C,0x31,0x8C,0x30,0x0C,0x30,0x0C,0x30,0x0C,0x30,0x0C,0x30,0x0C,0x30,0x0C,0x30,0x0C,0x30,0x0C,0x78,0x1E,0x78,0x1E,0x00,0x00,0x00,0x00,0x00,0x00,0x00,0x00,0x00,0x00,0x00,0x00,0x00,0x00,0x00,0x00},
{0x00,0x00,0x00,0x00,0x78,0x1E,0x78,0x1E,0x30,0x0C,0x30,0x0C,0x30,0x0C,0x30,0x0C,0x30,0x0C,0x30,0x0C,0x30,0x0C,0x30,0x0C,0x3F,0xFC,0x3F,0xFC,0x30,0x0C,0x30,0x0C,0x30,0x0C,0x30,0x0C,0x30,0x0C,0x30,0x0C,0x30,0x0C,0x30,0x0C,0x78,0x1E,0x78,0x1E,0x00,0x00,0x00,0x00,0x00,0x00,0x00,0x00,0x00,0x00,0x00,0x00,0x00,0x00,0x00,0x00},
{0x00,0x00,0x00,0x00,0x07,0xE0,0x07,0xE0,0x1C,0x38,0x1C,0x38,0x30,0x0C,0x30,0x0C,0x60,0x06,0x60,0x06,0x60,0x06,0x60,0x06,0x60,0x06,0x60,0x06,0x60,0x06,0x60,0x06,0x60,0x06,0x60,0x06,0x30,0x0C,0x30,0x0C,0x1C,0x38,0x1C,0x38,0x07,0xE0,0x07,0xE0,0x00,0x00,0x00,0x00,0x00,0x00,0x00,0x00,0x00,0x00,0x00,0x00,0x00,0x00,0x00,0x00},
{0x00,0x00,0x00,0x00,0x7F,0xFE,0x7F,0xFE,0x30,0x0C,0x30,0x0C,0x30,0x0C,0x30,0x0C,0x30,0x0C,0x30,0x0C,0x30,0x0C,0x30,0x0C,0x30,0x0C,0x30,0x0C,0x30,0x0C,0x30,0x0C,0x30,0x0C,0x30,0x0C,0x30,0x0C,0x30,0x0C,0x30,0x0C,0x30,0x0C,0x78,0x1E,0x78,0x1E,0x00,0x00,0x00,0x00,0x00,0x00,0x00,0x00,0x00,0x00,0x00,0x00,0x00,0x00,0x00,0x00},
{0x00,0x00,0x00,0x00,0x7F,0xE0,0x7F,0xE0,0x30,0x38,0x30,0x38,0x30,0x1C,0x30,0x1C,0x30,0x1C,0x30,0x1C,0x30,0x38,0x30,0x38,0x3F,0xE0,0x3F,0xE0,0x30,0x00,0x30,0x00,0x30,0x00,0x30,0x00,0x30,0x00,0x30,0x00,0x30,0x00,0x30,0x00,0x78,0x00,0x78,0x00,0x00,0x00,0x00,0x00,0x00,0x00,0x00,0x00,0x00,0x00,0x00,0x00,0x00,0x00,0x00,0x00},
{0x00,0x00,0x00,0x00,0x03,0xFE,0x03,0xFE,0x0E,0x06,0x0E,0x06,0x18,0x06,0x18,0x06,0x30,0x00,0x30,0x00,0x30,0x00,0x30,0x00,0x30,0x00,0x30,0x00,0x30,0x00,0x30,0x00,0x30,0x06,0x30,0x06,0x18,0x06,0x18,0x06,0x0E,0x0C,0x0E,0x0C,0x03,0xF8,0x03,0xF8,0x00,0x00,0x00,0x00,0x00,0x00,0x00,0x00,0x00,0x00,0x00,0x00,0x00,0x00,0x00,0x00},
{0x00,0x00,0x00,0x00,0x7F,0xFE,0x7F,0xFE,0x71,0x8E,0x71,0x8E,0x61,0x86,0x61,0x86,0x01,0x80,0x01,0x80,0x01,0x80,0x01,0x80,0x01,0x80,0x01,0x80,0x01,0x80,0x01,0x80,0x01,0x80,0x01,0x80,0x01,0x80,0x01,0x80,0x01,0x80,0x01,0x80,0x07,0xE0,0x07,0xE0,0x00,0x00,0x00,0x00,0x00,0x00,0x00,0x00,0x00,0x00,0x00,0x00,0x00,0x00,0x00,0x00},
{0x00,0x00,0x00,0x00,0x7C,0x3E,0x7C,0x3E,0x18,0x18,0x18,0x18,0x0C,0x18,0x0C,0x18,0x06,0x30,0x06,0x30,0x03,0x30,0x03,0x30,0x01,0xE0,0x01,0xE0,0x00,0xE0,0x00,0xE0,0x00,0xC0,0x00,0xC0,0x30,0xC0,0x30,0xC0,0x31,0x80,0x31,0x80,0x3F,0x00,0x3F,0x00,0x00,0x00,0x00,0x00,0x00,0x00,0x00,0x00,0x00,0x00,0x00,0x00,0x00,0x00,0x00,0x00},
{0x00,0x00,0x00,0x00,0x0F,0xF0,0x0F,0xF0,0x01,0x80,0x01,0x80,0x0F,0xF0,0x0F,0xF0,0x39,0x9C,0x39,0x9C,0x61,0x86,0x61,0x86,0x61,0x86,0x61,0x86,0x61,0x86,0x61,0x86,0x39,0x9C,0x39,0x9C,0x0F,0xF0,0x0F,0xF0,0x01,0x80,0x01,0x80,0x0F,0xF0,0x0F,0xF0,0x00,0x00,0x00,0x00,0x00,0x00,0x00,0x00,0x00,0x00,0x00,0x00,0x00,0x00,0x00,0x00},
{0x00,0x00,0x00,0x00,0x7C,0x3E,0x7C,0x3E,0x18,0x18,0x18,0x18,0x0C,0x30,0x0C,0x30,0x06,0x60,0x06,0x60,0x03,0xC0,0x03,0xC0,0x01,0x80,0x01,0x80,0x03,0xC0,0x03,0xC0,0x06,0x60,0x06,0x60,0x0C,0x30,0x0C,0x30,0x18,0x18,0x18,0x18,0x7C,0x3E,0x7C,0x3E,0x00,0x00,0x00,0x00,0x00,0x00,0x00,0x00,0x00,0x00,0x00,0x00,0x00,0x00,0x00,0x00},
{0x00,0x00,0x00,0x00,0x78,0x3C,0x78,0x3C,0x30,0x18,0x30,0x18,0x30,0x18,0x30,0x18,0x30,0x18,0x30,0x18,0x30,0x18,0x30,0x18,0x30,0x18,0x30,0x18,0x30,0x18,0x30,0x18,0x30,0x18,0x30,0x18,0x30,0x18,0x30,0x18,0x30,0x18,0x30,0x18,0x7F,0xFE,0x7F,0xFE,0x00,0x0E,0x00,0x0E,0x00,0x06,0x00,0x06,0x00,0x00,0x00,0x00,0x00,0x00,0x00,0x00},
{0x00,0x00,0x00,0x00,0x78,0x1E,0x78,0x1E,0x30,0x0C,0x30,0x0C,0x30,0x0C,0x30,0x0C,0x30,0x0C,0x30,0x0C,0x30,0x1C,0x30,0x1C,0x1C,0x3C,0x1C,0x3C,0x07,0xEC,0x07,0xEC,0x00,0x0C,0x00,0x0C,0x00,0x0C,0x00,0x0C,0x00,0x0C,0x00,0x0C,0x00,0x1E,0x00,0x1E,0x00,0x00,0x00,0x00,0x00,0x00,0x00,0x00,0x00,0x00,0x00,0x00,0x00,0x00,0x00,0x00},
{0x00,0x00,0x00,0x00,0x73,0xCE,0x73,0xCE,0x31,0x8C,0x31,0x8C,0x31,0x8C,0x31,0x8C,0x31,0x8C,0x31,0x8C,0x31,0x8C,0x31,0x8C,0x31,0x8C,0x31,0x8C,0x31,0x8C,0x31,0x8C,0x31,0x8C,0x31,0x8C,0x31,0x8C,0x31,0x8C,0x31,0x8C,0x31,0x8C,0x7F,0xFE,0x7F,0xFE,0x00,0x00,0x00,0x00,0x00,0x00,0x00,0x00,0x00,0x00,0x00,0x00,0x00,0x00,0x00,0x00},
{0x00,0x00,0x00,0x00,0x73,0xCE,0x73,0xCE,0x31,0x8C,0x31,0x8C,0x31,0x8C,0x31,0x8C,0x31,0x8C,0x31,0x8C,0x31,0x8C,0x31,0x8C,0x31,0x8C,0x31,0x8C,0x31,0x8C,0x31,0x8C,0x31,0x8C,0x31,0x8C,0x31,0x8C,0x31,0x8C,0x31,0x8C,0x31,0x8C,0x7F,0xFE,0x7F,0xFE,0x00,0x0E,0x00,0x0E,0x00,0x06,0x00,0x06,0x00,0x00,0x00,0x00,0x00,0x00,0x00,0x00},
{0x00,0x00,0x00,0x00,0x7F,0x00,0x7F,0x00,0x66,0x00,0x66,0x00,0x66,0x00,0x66,0x00,0x06,0x00,0x06,0x00,0x06,0x00,0x06,0x00,0x07,0xF0,0x07,0xF0,0x06,0x1C,0x06,0x1C,0x06,0x0E,0x06,0x0E,0x06,0x0E,0x06,0x0E,0x06,0x1C,0x06,0x1C,0x07,0xF0,0x07,0xF0,0x00,0x00,0x00,0x00,0x00,0x00,0x00,0x00,0x00,0x00,0x00,0x00,0x00,0x00,0x00,0x00},
{0x00,0x00,0x00,0x00,0x78,0x1E,0x78,0x1E,0x30,0x0C,0x30,0x0C,0x30,0x0C,0x30,0x0C,0x30,0x0C,0x30,0x0C,0x30,0x0C,0x30,0x0C,0x3F,0x0C,0x3F,0x0C,0x31,0xCC,0x31,0xCC,0x30,0xEC,0x30,0xEC,0x30,0xEC,0x30,0xEC,0x31,0xCC,0x31,0xCC,0x3F,0x1E,0x3F,0x1E,0x00,0x00,0x00,0x00,0x00,0x00,0x00,0x00,0x00,0x00,0x00,0x00,0x00,0x00,0x00,0x00},
{0x00,0x00,0x00,0x00,0x78,0x00,0x78,0x00,0x30,0x00,0x30,0x00,0x30,0x00,0x30,0x00,0x30,0x00,0x30,0x00,0x30,0x00,0x30,0x00,0x3F,0xE0,0x3F,0xE0,0x30,0x38,0x30,0x38,0x30,0x1C,0x30,0x1C,0x30,0x1C,0x30,0x1C,0x30,0x38,0x30,0x38,0x7F,0xE0,0x7F,0xE0,0x00,0x00,0x00,0x00,0x00,0x00,0x00,0x00,0x00,0x00,0x00,0x00,0x00,0x00,0x00,0x00},
{0x00,0x00,0x00,0x00,0x3F,0xE0,0x3F,0xE0,0x30,0x38,0x30,0x38,0x30,0x0C,0x30,0x0C,0x00,0x06,0x00,0x06,0x00,0x06,0x00,0x06,0x07,0xFE,0x07,0xFE,0x00,0x06,0x00,0x06,0x00,0x06,0x00,0x06,0x30,0x0C,0x30,0x0C,0x18,0x38,0x18,0x38,0x0F,0xE0,0x0F,0xE0,0x00,0x00,0x00,0x00,0x00,0x00,0x00,0x00,0x00,0x00,0x00,0x00,0x00,0x00,0x00,0x00},
{0x00,0x00,0x00,0x00,0x70,0x70,0x70,0x70,0x31,0x8C,0x31,0x8C,0x33,0x06,0x33,0x06,0x33,0x06,0x33,0x06,0x33,0x06,0x33,0x06,0x3F,0x06,0x3F,0x06,0x33,0x06,0x33,0x06,0x33,0x06,0x33,0x06,0x33,0x06,0x33,0x06,0x31,0x8C,0x31,0x8C,0x70,0x70,0x70,0x70,0x00,0x00,0x00,0x00,0x00,0x00,0x00,0x00,0x00,0x00,0x00,0x00,0x00,0x00,0x00,0x00},
{0x00,0x00,0x00,0x00,0x0F,0xFE,0x0F,0xFE,0x18,0x0C,0x18,0x0C,0x30,0x0C,0x30,0x0C,0x30,0x0C,0x30,0x0C,0x18,0x0C,0x18,0x0C,0x0F,0xFC,0x0F,0xFC,0x06,0x0C,0x06,0x0C,0x0C,0x0C,0x0C,0x0C,0x18,0x0C,0x18,0x0C,0x18,0x0C,0x18,0x0C,0x78,0x1E,0x78,0x1E,0x00,0x00,0x00,0x00,0x00,0x00,0x00,0x00,0x00,0x00,0x00,0x00,0x00,0x00,0x00,0x00},
{0x00,0x00,0x00,0x00,0x00,0x00,0x00,0x00,0x00,0x00,0x00,0x00,0x00,0x00,0x00,0x00,0x1F,0xE0,0x1F,0xE0,0x70,0x70,0x70,0x70,0x00,0x30,0x00,0x30,0x0F,0xF0,0x0F,0xF0,0x38,0x30,0x38,0x30,0x60,0x30,0x60,0x30,0x70,0x76,0x70,0x76,0x1F,0xDE,0x1F,0xDE,0x00,0x00,0x00,0x00,0x00,0x00,0x00,0x00,0x00,0x00,0x00,0x00,0x00,0x00,0x00,0x00},
{0x00,0x00,0x00,0x00,0x00,0x30,0x00,0x30,0x0F,0xE0,0x0F,0xE0,0x38,0x00,0x38,0x00,0x33,0xE0,0x33,0xE0,0x3C,0x38,0x3C,0x38,0x30,0x0C,0x30,0x0C,0x30,0x0C,0x30,0x0C,0x30,0x0C,0x30,0x0C,0x30,0x0C,0x30,0x0C,0x1C,0x38,0x1C,0x38,0x07,0xE0,0x07,0xE0,0x00,0x00,0x00,0x00,0x00,0x00,0x00,0x00,0x00,0x00,0x00,0x00,0x00,0x00,0x00,0x00},
{0x00,0x00,0x00,0x00,0x00,0x00,0x00,0x00,0x00,0x00,0x00,0x00,0x00,0x00,0x00,0x00,0x3F,0xF0,0x3F,0xF0,0x18,0x18,0x18,0x18,0x18,0x18,0x18,0x18,0x1F,0xE0,0x1F,0xE0,0x18,0x18,0x18,0x18,0x18,0x1C,0x18,0x1C,0x18,0x18,0x18,0x18,0x3F,0xE0,0x3F,0xE0,0x00,0x00,0x00,0x00,0x00,0x00,0x00,0x00,0x00,0x00,0x00,0x00,0x00,0x00,0x00,0x00},
{0x00,0x00,0x00,0x00,0x00,0x00,0x00,0x00,0x00,0x00,0x00,0x00,0x00,0x00,0x00,0x00,0x3F,0xFC,0x3F,0xFC,0x0C,0x0C,0x0C,0x0C,0x0C,0x0C,0x0C,0x0C,0x0C,0x00,0x0C,0x00,0x0C,0x00,0x0C,0x00,0x0C,0x00,0x0C,0x00,0x0C,0x00,0x0C,0x00,0x3F,0x00,0x3F,0x00,0x00,0x00,0x00,0x00,0x00,0x00,0x00,0x00,0x00,0x00,0x00,0x00,0x00,0x00,0x00,0x00},
{0x00,0x00,0x00,0x00,0x00,0x00,0x00,0x00,0x00,0x00,0x00,0x00,0x00,0x00,0x00,0x00,0x0F,0xFE,0x0F,0xFE,0x03,0x18,0x03,0x18,0x03,0x18,0x03,0x18,0x06,0x18,0x06,0x18,0x06,0x18,0x06,0x18,0x0C,0x18,0x0C,0x18,0x18,0x18,0x18,0x18,0x7F,0xFE,0x7F,0xFE,0x60,0x06,0x60,0x06,0x60,0x06,0x60,0x06,0x00,0x00,0x00,0x00,0x00,0x00,0x00,0x00},
{0x00,0x00,0x00,0x00,0x00,0x00,0x00,0x00,0x00,0x00,0x00,0x00,0x00,0x00,0x00,0x00,0x07,0xE0,0x07,0xE0,0x1C,0x38,0x1C,0x38,0x30,0x0C,0x30,0x0C,0x3F,0xFC,0x3F,0xFC,0x30,0x00,0x30,0x00,0x30,0x00,0x30,0x00,0x1C,0x1C,0x1C,0x1C,0x07,0xF0,0x07,0xF0,0x00,0x00,0x00,0x00,0x00,0x00,0x00,0x00,0x00,0x00,0x00,0x00,0x00,0x00,0x00,0x00},
{0x00,0x00,0x00,0x00,0x00,0x00,0x00,0x00,0x00,0x00,0x00,0x00,0x00,0x00,0x00,0x00,0x73,0xCE,0x73,0xCE,0x31,0x8C,0x31,0x8C,0x1D,0xB8,0x1D,0xB8,0x07,0xE0,0x07,0xE0,0x1D,0xB8,0x1D,0xB8,0x31,0x8C,0x31,0x8C,0x31,0x8C,0x31,0x8C,0x73,0xCE,0x73,0xCE,0x00,0x00,0x00,0x00,0x00,0x00,0x00,0x00,0x00,0x00,0x00,0x00,0x00,0x00,0x00,0x00},
{0x00,0x00,0x00,0x00,0x00,0x00,0x00,0x00,0x00,0x00,0x00,0x00,0x00,0x00,0x00,0x00,0x0F,0xF0,0x0F,0xF0,0x38,0x38,0x38,0x38,0x00,0x18,0x00,0x18,0x03,0xF0,0x03,0xF0,0x00,0x18,0x00,0x18,0x00,0x0C,0x00,0x0C,0x38,0x18,0x38,0x18,0x0F,0xE0,0x0F,0xE0,0x00,0x00,0x00,0x00,0x00,0x00,0x00,0x00,0x00,0x00,0x00,0x00,0x00,0x00,0x00,0x00},
{0x00,0x00,0x00,0x00,0x00,0x00,0x00,0x00,0x00,0x00,0x00,0x00,0x00,0x00,0x00,0x00,0x38,0x1E,0x38,0x1E,0x18,0x3C,0x18,0x3C,0x18,0x6C,0x18,0x6C,0x18,0xCC,0x18,0xCC,0x19,0x8C,0x19,0x8C,0x1B,0x0C,0x1B,0x0C,0x1E,0x0C,0x1E,0x0C,0x3C,0x1E,0x3C,0x1E,0x00,0x00,0x00,0x00,0x00,0x00,0x00,0x00,0x00,0x00,0x00,0x00,0x00,0x00,0x00,0x00},
{0x00,0x00,0x00,0x00,0x0E,0x38,0x0E,0x38,0x03,0xE0,0x03,0xE0,0x00,0x00,0x00,0x00,0x38,0x1E,0x38,0x1E,0x18,0x3C,0x18,0x3C,0x18,0x6C,0x18,0x6C,0x18,0xCC,0x18,0xCC,0x19,0x8C,0x19,0x8C,0x1B,0x0C,0x1B,0x0C,0x1E,0x0C,0x1E,0x0C,0x3C,0x1E,0x3C,0x1E,0x00,0x00,0x00,0x00,0x00,0x00,0x00,0x00,0x00,0x00,0x00,0x00,0x00,0x00,0x00,0x00},
{0x00,0x00,0x00,0x00,0x00,0x00,0x00,0x00,0x00,0x00,0x00,0x00,0x00,0x00,0x00,0x00,0x78,0x7C,0x78,0x7C,0x30,0x70,0x30,0x70,0x31,0xC0,0x31,0xC0,0x37,0x80,0x37,0x80,0x3C,0xC0,0x3C,0xC0,0x30,0x60,0x30,0x60,0x30,0x30,0x30,0x30,0x78,0x7C,0x78,0x7C,0x00,0x00,0x00,0x00,0x00,0x00,0x00,0x00,0x00,0x00,0x00,0x00,0x00,0x00,0x00,0x00},
{0x00,0x00,0x00,0x00,0x00,0x00,0x00,0x00,0x00,0x00,0x00,0x00,0x00,0x00,0x00,0x00,0x0F,0xFE,0x0F,0xFE,0x06,0x0C,0x06,0x0C,0x06,0x0C,0x06,0x0C,0x06,0x0C,0x06,0x0C,0x06,0x0C,0x06,0x0C,0x66,0x0C,0x66,0x0C,0x66,0x0C,0x66,0x0C,0x7C,0x1E,0x7C,0x1E,0x00,0x00,0x00,0x00,0x00,0x00,0x00,0x00,0x00,0x00,0x00,0x00,0x00,0x00,0x00,0x00},
{0x00,0x00,0x00,0x00,0x00,0x00,0x00,0x00,0x00,0x00,0x00,0x00,0x00,0x00,0x00,0x00,0x78,0x1E,0x78,0x1E,0x3C,0x3C,0x3C,0x3C,0x36,0x6C,0x36,0x6C,0x37,0xEC,0x37,0xEC,0x33,0xCC,0x33,0xCC,0x31,0x8C,0x31,0x8C,0x30,0x0C,0x30,0x0C,0x78,0x1E,0x78,0x1E,0x00,0x00,0x00,0x00,0x00,0x00,0x00,0x00,0x00,0x00,0x00,0x00,0x00,0x00,0x00,0x00},
{0x00,0x00,0x00,0x00,0x00,0x00,0x00,0x00,0x00,0x00,0x00,0x00,0x00,0x00,0x00,0x00,0x3C,0x1E,0x3C,0x1E,0x18,0x0C,0x18,0x0C,0x18,0x0C,0x18,0x0C,0x1F,0xFC,0x1F,0xFC,0x18,0x0C,0x18,0x0C,0x18,0x0C,0x18,0x0C,0x18,0x0C,0x18,0x0C,0x3C,0x1E,0x3C,0x1E,0x00,0x00,0x00,0x00,0x00,0x00,0x00,0x00,0x00,0x00,0x00,0x00,0x00,0x00,0x00,0x00},
{0x00,0x00,0x00,0x00,0x00,0x00,0x00,0x00,0x00,0x00,0x00,0x00,0x00,0x00,0x00,0x00,0x07,0xE0,0x07,0xE0,0x1C,0x38,0x1C,0x38,0x30,0x0C,0x30,0x0C,0x30,0x0C,0x30,0x0C,0x30,0x0C,0x30,0x0C,0x30,0x0C,0x30,0x0C,0x1C,0x38,0x1C,0x38,0x07,0xE0,0x07,0xE0,0x00,0x00,0x00,0x00,0x00,0x00,0x00,0x00,0x00,0x00,0x00,0x00,0x00,0x00,0x00,0x00},
{0x00,0x00,0x00,0x00,0x00,0x00,0x00,0x00,0x00,0x00,0x00,0x00,0x00,0x00,0x00,0x00,0x3F,0xFC,0x3F,0xFC,0x18,0x18,0x18,0x18,0x18,0x18,0x18,0x18,0x18,0x18,0x18,0x18,0x18,0x18,0x18,0x18,0x18,0x18,0x18,0x18,0x18,0x18,0x18,0x18,0x3C,0x3C,0x3C,0x3C,0x00,0x00,0x00,0x00,0x00,0x00,0x00,0x00,0x00,0x00,0x00,0x00,0x00,0x00,0x00,0x00},
{0x06,0x06,0x06,0x06,0x60,0x60,0x60,0x60,0x06,0x06,0x06,0x06,0x60,0x60,0x60,0x60,0x06,0x06,0x06,0x06,0x60,0x60,0x60,0x60,0x06,0x06,0x06,0x06,0x60,0x60,0x60,0x60,0x06,0x06,0x06,0x06,0x60,0x60,0x60,0x60,0x06,0x06,0x06,0x06,0x60,0x60,0x60,0x60,0x06,0x06,0x06,0x06,0x60,0x60,0x60,0x60,0x06,0x06,0x06,0x06,0x60,0x60,0x60,0x60},
{0x33,0x33,0x33,0x33,0xCC,0xCC,0xCC,0xCC,0x33,0x33,0x33,0x33,0xCC,0xCC,0xCC,0xCC,0x33,0x33,0x33,0x33,0xCC,0xCC,0xCC,0xCC,0x33,0x33,0x33,0x33,0xCC,0xCC,0xCC,0xCC,0x33,0x33,0x33,0x33,0xCC,0xCC,0xCC,0xCC,0x33,0x33,0x33,0x33,0xCC,0xCC,0xCC,0xCC,0x33,0x33,0x33,0x33,0xCC,0xCC,0xCC,0xCC,0x33,0x33,0x33,0x33,0xCC,0xCC,0xCC,0xCC},
{0xE7,0x38,0xE7,0x38,0x1C,0xE7,0x1C,0xE7,0xE7,0x38,0xE7,0x38,0x1C,0xE7,0x1C,0xE7,0xE7,0x38,0xE7,0x38,0x1C,0xE7,0x1C,0xE7,0xE7,0x38,0xE7,0x38,0x1C,0xE7,0x1C,0xE7,0xE7,0x38,0xE7,0x38,0x1C,0xE7,0x1C,0xE7,0xE7,0x38,0xE7,0x38,0x1C,0xE7,0x1C,0xE7,0xE7,0x38,0xE7,0x38,0x1C,0xE7,0x1C,0xE7,0xE7,0x38,0xE7,0x38,0x1C,0xE7,0x1C,0xE7},
{0x01,0x80,0x01,0x80,0x01,0x80,0x01,0x80,0x01,0x80,0x01,0x80,0x01,0x80,0x01,0x80,0x01,0x80,0x01,0x80,0x01,0x80,0x01,0x80,0x01,0x80,0x01,0x80,0x01,0x80,0x01,0x80,0x01,0x80,0x01,0x80,0x01,0x80,0x01,0x80,0x01,0x80,0x01,0x80,0x01,0x80,0x01,0x80,0x01,0x80,0x01,0x80,0x01,0x80,0x01,0x80,0x01,0x80,0x01,0x80,0x01,0x80,0x01,0x80},
{0x01,0x80,0x01,0x80,0x01,0x80,0x01,0x80,0x01,0x80,0x01,0x80,0x01,0x80,0x01,0x80,0x01,0x80,0x01,0x80,0x01,0x80,0x01,0x80,0x01,0x80,0x01,0x80,0x01,0x80,0x01,0x80,0xFF,0x80,0xFF,0x80,0x01,0x80,0x01,0x80,0x01,0x80,0x01,0x80,0x01,0x80,0x01,0x80,0x01,0x80,0x01,0x80,0x01,0x80,0x01,0x80,0x01,0x80,0x01,0x80,0x01,0x80,0x01,0x80},
{0x1C,0x38,0x1C,0x38,0x07,0xE0,0x07,0xE0,0x00,0x00,0x00,0x00,0x0F,0x80,0x0F,0x80,0x03,0xC0,0x03,0xC0,0x06,0x60,0x06,0x60,0x06,0x60,0x06,0x60,0x0C,0x30,0x0C,0x30,0x0C,0x30,0x0C,0x30,0x1F,0xF8,0x1F,0xF8,0x18,0x18,0x18,0x18,0x7C,0x3E,0x7C,0x3E,0x00,0x00,0x00,0x00,0x00,0x00,0x00,0x00,0x00,0x00,0x00,0x00,0x00,0x00,0x00,0x00},
{0x00,0x00,0x00,0x00,0x38,0x38,0x38,0x38,0x0F,0xE0,0x0F,0xE0,0x00,0x00,0x00,0x00,0x1F,0xE0,0x1F,0xE0,0x70,0x70,0x70,0x70,0x00,0x30,0x00,0x30,0x0F,0xF0,0x0F,0xF0,0x38,0x30,0x38,0x30,0x60,0x30,0x60,0x30,0x70,0x76,0x70,0x76,0x1F,0xDE,0x1F,0xDE,0x00,0x00,0x00,0x00,0x00,0x00,0x00,0x00,0x00,0x00,0x00,0x00,0x00,0x00,0x00,0x00},
{0x38,0x38,0x38,0x38,0x0F,0xE0,0x0F,0xE0,0x00,0x00,0x00,0x00,0x7F,0xFC,0x7F,0xFC,0x18,0x0C,0x18,0x0C,0x18,0x00,0x18,0x00,0x18,0xC0,0x18,0xC0,0x1F,0xC0,0x1F,0xC0,0x18,0xC0,0x18,0xC0,0x18,0x00,0x18,0x00,0x18,0x0C,0x18,0x0C,0x7F,0xFC,0x7F,0xFC,0x00,0x00,0x00,0x00,0x00,0x00,0x00,0x00,0x00,0x00,0x00,0x00,0x00,0x00,0x00,0x00},
{0x00,0x00,0x00,0x00,0x1C,0x38,0x1C,0x38,0x07,0xE0,0x07,0xE0,0x00,0x00,0x00,0x00,0x07,0xE0,0x07,0xE0,0x1C,0x38,0x1C,0x38,0x30,0x0C,0x30,0x0C,0x3F,0xFC,0x3F,0xFC,0x30,0x00,0x30,0x00,0x30,0x00,0x30,0x00,0x1C,0x1C,0x1C,0x1C,0x07,0xF0,0x07,0xF0,0x00,0x00,0x00,0x00,0x00,0x00,0x00,0x00,0x00,0x00,0x00,0x00,0x00,0x00,0x00,0x00},
{0x38,0x1C,0x38,0x1C,0x0F,0xF0,0x0F,0xF0,0x00,0x00,0x00,0x00,0x07,0xE0,0x07,0xE0,0x1C,0x38,0x1C,0x38,0x30,0x0C,0x30,0x0C,0x30,0x0C,0x30,0x0C,0x30,0x0C,0x30,0x0C,0x30,0x0C,0x30,0x0C,0x30,0x0C,0x30,0x0C,0x1C,0x38,0x1C,0x38,0x07,0xE0,0x07,0xE0,0x00,0x00,0x00,0x00,0x00,0x00,0x00,0x00,0x00,0x00,0x00,0x00,0x00,0x00,0x00,0x00},
{0x00,0x00,0x00,0x00,0x1C,0x38,0x1C,0x38,0x07,0xE0,0x07,0xE0,0x00,0x00,0x00,0x00,0x07,0xE0,0x07,0xE0,0x1C,0x38,0x1C,0x38,0x30,0x0C,0x30,0x0C,0x30,0x0C,0x30,0x0C,0x30,0x0C,0x30,0x0C,0x30,0x0C,0x30,0x0C,0x1C,0x38,0x1C,0x38,0x07,0xE0,0x07,0xE0,0x00,0x00,0x00,0x00,0x00,0x00,0x00,0x00,0x00,0x00,0x00,0x00,0x00,0x00,0x00,0x00},
{0x1C,0x38,0x1C,0x38,0x07,0xE0,0x07,0xE0,0x00,0x00,0x00,0x00,0x7C,0x3E,0x7C,0x3E,0x18,0x18,0x18,0x18,0x0C,0x30,0x0C,0x30,0x07,0x30,0x07,0x30,0x01,0xE0,0x01,0xE0,0x00,0xE0,0x00,0xE0,0x30,0xC0,0x30,0xC0,0x31,0x80,0x31,0x80,0x3F,0x00,0x3F,0x00,0x00,0x00,0x00,0x00,0x00,0x00,0x00,0x00,0x00,0x00,0x00,0x00,0x00,0x00,0x00,0x00},
{0x00,0x00,0x00,0x00,0x1C,0x38,0x1C,0x38,0x07,0xE0,0x07,0xE0,0x00,0x00,0x00,0x00,0x7C,0x3E,0x7C,0x3E,0x18,0x18,0x18,0x18,0x0C,0x18,0x0C,0x18,0x06,0x30,0x06,0x30,0x03,0x30,0x03,0x30,0x01,0xE0,0x01,0xE0,0x00,0xE0,0x00,0xE0,0x00,0xC0,0x00,0xC0,0x30,0xC0,0x30,0xC0,0x31,0x80,0x31,0x80,0x1F,0x00,0x1F,0x00,0x00,0x00,0x00,0x00},
{0x1C,0x38,0x1C,0x38,0x00,0x00,0x00,0x00,0x0F,0xF0,0x0F,0xF0,0x01,0x80,0x01,0x80,0x01,0x80,0x01,0x80,0x01,0x80,0x01,0x80,0x01,0x80,0x01,0x80,0x01,0x80,0x01,0x80,0x01,0x80,0x01,0x80,0x01,0x80,0x01,0x80,0x01,0x80,0x01,0x80,0x0F,0xF0,0x0F,0xF0,0x00,0x00,0x00,0x00,0x00,0x00,0x00,0x00,0x00,0x00,0x00,0x00,0x00,0x00,0x00,0x00},
{0x00,0x00,0x00,0x00,0x00,0x00,0x00,0x00,0x38,0xE0,0x38,0xE0,0x00,0x00,0x00,0x00,0x0F,0x80,0x0F,0x80,0x01,0x80,0x01,0x80,0x01,0x80,0x01,0x80,0x01,0x80,0x01,0x80,0x01,0x80,0x01,0x80,0x01,0x80,0x01,0x80,0x01,0x80,0x01,0x80,0x0F,0xF0,0x0F,0xF0,0x00,0x00,0x00,0x00,0x00,0x00,0x00,0x00,0x00,0x00,0x00,0x00,0x00,0x00,0x00,0x00},
{0x00,0x00,0x00,0x00,0x00,0x00,0x00,0x00,0x00,0x00,0x00,0x00,0x00,0x00,0x00,0x00,0x00,0x00,0x00,0x00,0x00,0x00,0x00,0x00,0x00,0x00,0x00,0x00,0x00,0x00,0x00,0x00,0xFF,0x80,0xFF,0x80,0x01,0x80,0x01,0x80,0x01,0x80,0x01,0x80,0x01,0x80,0x01,0x80,0x01,0x80,0x01,0x80,0x01,0x80,0x01,0x80,0x01,0x80,0x01,0x80,0x01,0x80,0x01,0x80},
{0x01,0x80,0x01,0x80,0x01,0x80,0x01,0x80,0x01,0x80,0x01,0x80,0x01,0x80,0x01,0x80,0x01,0x80,0x01,0x80,0x01,0x80,0x01,0x80,0x01,0x80,0x01,0x80,0x01,0x80,0x01,0x80,0x01,0xFF,0x01,0xFF,0x00,0x00,0x00,0x00,0x00,0x00,0x00,0x00,0x00,0x00,0x00,0x00,0x00,0x00,0x00,0x00,0x00,0x00,0x00,0x00,0x00,0x00,0x00,0x00,0x00,0x00,0x00,0x00},
{0x01,0x80,0x01,0x80,0x01,0x80,0x01,0x80,0x01,0x80,0x01,0x80,0x01,0x80,0x01,0x80,0x01,0x80,0x01,0x80,0x01,0x80,0x01,0x80,0x01,0x80,0x01,0x80,0x01,0x80,0x01,0x80,0xFF,0xFF,0xFF,0xFF,0x00,0x00,0x00,0x00,0x00,0x00,0x00,0x00,0x00,0x00,0x00,0x00,0x00,0x00,0x00,0x00,0x00,0x00,0x00,0x00,0x00,0x00,0x00,0x00,0x00,0x00,0x00,0x00},
{0x00,0x00,0x00,0x00,0x00,0x00,0x00,0x00,0x00,0x00,0x00,0x00,0x00,0x00,0x00,0x00,0x00,0x00,0x00,0x00,0x00,0x00,0x00,0x00,0x00,0x00,0x00,0x00,0x00,0x00,0x00,0x00,0xFF,0xFF,0xFF,0xFF,0x01,0x80,0x01,0x80,0x01,0x80,0x01,0x80,0x01,0x80,0x01,0x80,0x01,0x80,0x01,0x80,0x01,0x80,0x01,0x80,0x01,0x80,0x01,0x80,0x01,0x80,0x01,0x80},
{0x01,0x80,0x01,0x80,0x01,0x80,0x01,0x80,0x01,0x80,0x01,0x80,0x01,0x80,0x01,0x80,0x01,0x80,0x01,0x80,0x01,0x80,0x01,0x80,0x01,0x80,0x01,0x80,0x01,0x80,0x01,0x80,0x01,0xFF,0x01,0xFF,0x01,0x80,0x01,0x80,0x01,0x80,0x01,0x80,0x01,0x80,0x01,0x80,0x01,0x80,0x01,0x80,0x01,0x80,0x01,0x80,0x01,0x80,0x01,0x80,0x01,0x80,0x01,0x80},
{0x00,0x00,0x00,0x00,0x00,0x00,0x00,0x00,0x00,0x00,0x00,0x00,0x00,0x00,0x00,0x00,0x00,0x00,0x00,0x00,0x00,0x00,0x00,0x00,0x00,0x00,0x00,0x00,0x00,0x00,0x00,0x00,0xFF,0xFF,0xFF,0xFF,0x00,0x00,0x00,0x00,0x00,0x00,0x00,0x00,0x00,0x00,0x00,0x00,0x00,0x00,0x00,0x00,0x00,0x00,0x00,0x00,0x00,0x00,0x00,0x00,0x00,0x00,0x00,0x00},
{0x01,0x80,0x01,0x80,0x01,0x80,0x01,0x80,0x01,0x80,0x01,0x80,0x01,0x80,0x01,0x80,0x01,0x80,0x01,0x80,0x01,0x80,0x01,0x80,0x01,0x80,0x01,0x80,0x01,0x80,0x01,0x80,0xFF,0xFF,0xFF,0xFF,0x01,0x80,0x01,0x80,0x01,0x80,0x01,0x80,0x01,0x80,0x01,0x80,0x01,0x80,0x01,0x80,0x01,0x80,0x01,0x80,0x01,0x80,0x01,0x80,0x01,0x80,0x01,0x80},
{0x03,0x00,0x03,0x00,0x0C,0xC0,0x0C,0xC0,0x30,0x30,0x30,0x30,0x0F,0x80,0x0F,0x80,0x03,0xC0,0x03,0xC0,0x06,0x60,0x06,0x60,0x06,0x60,0x06,0x60,0x0C,0x30,0x0C,0x30,0x0C,0x30,0x0C,0x30,0x1F,0xF8,0x1F,0xF8,0x18,0x18,0x18,0x18,0x7C,0x3E,0x7C,0x3E,0x00,0x00,0x00,0x00,0x00,0x00,0x00,0x00,0x00,0x00,0x00,0x00,0x00,0x00,0x00,0x00},
{0x03,0x00,0x03,0x00,0x0C,0xC0,0x0C,0xC0,0x30,0x30,0x30,0x30,0x00,0x00,0x00,0x00,0x1F,0xE0,0x1F,0xE0,0x70,0x70,0x70,0x70,0x00,0x30,0x00,0x30,0x0F,0xF0,0x0F,0xF0,0x38,0x30,0x38,0x30,0x60,0x30,0x60,0x30,0x70,0x76,0x70,0x76,0x1F,0xDE,0x1F,0xDE,0x00,0x00,0x00,0x00,0x00,0x00,0x00,0x00,0x00,0x00,0x00,0x00,0x00,0x00,0x00,0x00},
{0x01,0x80,0x01,0x80,0x06,0x60,0x06,0x60,0x18,0x18,0x18,0x18,0x7F,0xFC,0x7F,0xFC,0x18,0x0C,0x18,0x0C,0x18,0x00,0x18,0x00,0x18,0xC0,0x18,0xC0,0x1F,0xC0,0x1F,0xC0,0x18,0xC0,0x18,0xC0,0x18,0x00,0x18,0x00,0x18,0x0C,0x18,0x0C,0x7F,0xFC,0x7F,0xFC,0x00,0x00,0x00,0x00,0x00,0x00,0x00,0x00,0x00,0x00,0x00,0x00,0x00,0x00,0x00,0x00},
{0x01,0x80,0x01,0x80,0x06,0x60,0x06,0x60,0x18,0x18,0x18,0x18,0x00,0x00,0x00,0x00,0x07,0xE0,0x07,0xE0,0x1C,0x38,0x1C,0x38,0x30,0x0C,0x30,0x0C,0x3F,0xFC,0x3F,0xFC,0x30,0x00,0x30,0x00,0x30,0x00,0x30,0x00,0x1C,0x1C,0x1C,0x1C,0x07,0xF0,0x07,0xF0,0x00,0x00,0x00,0x00,0x00,0x00,0x00,0x00,0x00,0x00,0x00,0x00,0x00,0x00,0x00,0x00},
{0x01,0x80,0x01,0x80,0x06,0x60,0x06,0x60,0x18,0x18,0x18,0x18,0x07,0xE0,0x07,0xE0,0x01,0x80,0x01,0x80,0x01,0x80,0x01,0x80,0x01,0x80,0x01,0x80,0x01,0x80,0x01,0x80,0x01,0x80,0x01,0x80,0x01,0x80,0x01,0x80,0x01,0x80,0x01,0x80,0x07,0xE0,0x07,0xE0,0x00,0x00,0x00,0x00,0x00,0x00,0x00,0x00,0x00,0x00,0x00,0x00,0x00,0x00,0x00,0x00},
{0x03,0x00,0x03,0x00,0x0C,0xC0,0x0C,0xC0,0x30,0x30,0x30,0x30,0x00,0x00,0x00,0x00,0x0F,0x80,0x0F,0x80,0x01,0x80,0x01,0x80,0x01,0x80,0x01,0x80,0x01,0x80,0x01,0x80,0x01,0x80,0x01,0x80,0x01,0x80,0x01,0x80,0x01,0x80,0x01,0x80,0x0F,0xF0,0x0F,0xF0,0x00,0x00,0x00,0x00,0x00,0x00,0x00,0x00,0x00,0x00,0x00,0x00,0x00,0x00,0x00,0x00},
{0x01,0x80,0x01,0x80,0x06,0x60,0x06,0x60,0x18,0x18,0x18,0x18,0x07,0xE0,0x07,0xE0,0x1C,0x38,0x1C,0x38,0x30,0x0C,0x30,0x0C,0x30,0x0C,0x30,0x0C,0x30,0x0C,0x30,0x0C,0x30,0x0C,0x30,0x0C,0x30,0x0C,0x30,0x0C,0x1C,0x38,0x1C,0x38,0x07,0xE0,0x07,0xE0,0x00,0x00,0x00,0x00,0x00,0x00,0x00,0x00,0x00,0x00,0x00,0x00,0x00,0x00,0x00,0x00},
{0x01,0x80,0x01,0x80,0x06,0x60,0x06,0x60,0x18,0x18,0x18,0x18,0x00,0x00,0x00,0x00,0x07,0xE0,0x07,0xE0,0x1C,0x38,0x1C,0x38,0x30,0x0C,0x30,0x0C,0x30,0x0C,0x30,0x0C,0x30,0x0C,0x30,0x0C,0x30,0x0C,0x30,0x0C,0x1C,0x38,0x1C,0x38,0x07,0xE0,0x07,0xE0,0x00,0x00,0x00,0x00,0x00,0x00,0x00,0x00,0x00,0x00,0x00,0x00,0x00,0x00,0x00,0x00},
{0x01,0x80,0x01,0x80,0x03,0xC0,0x03,0xC0,0x06,0x60,0x06,0x60,0x70,0x0E,0x70,0x0E,0x30,0x0C,0x30,0x0C,0x30,0x0C,0x30,0x0C,0x30,0x0C,0x30,0x0C,0x30,0x0C,0x30,0x0C,0x30,0x0C,0x30,0x0C,0x30,0x0C,0x30,0x0C,0x1C,0x38,0x1C,0x38,0x07,0xE0,0x07,0xE0,0x00,0x00,0x00,0x00,0x00,0x00,0x00,0x00,0x00,0x00,0x00,0x00,0x00,0x00,0x00,0x00},
{0x01,0x80,0x01,0x80,0x06,0x60,0x06,0x60,0x18,0x18,0x18,0x18,0x00,0x00,0x00,0x00,0x70,0x1C,0x70,0x1C,0x30,0x0C,0x30,0x0C,0x30,0x0C,0x30,0x0C,0x30,0x0C,0x30,0x0C,0x30,0x0C,0x30,0x0C,0x30,0x1C,0x30,0x1C,0x18,0x3C,0x18,0x3C,0x0F,0xEE,0x0F,0xEE,0x00,0x00,0x00,0x00,0x00,0x00,0x00,0x00,0x00,0x00,0x00,0x00,0x00,0x00,0x00,0x00},
{0x00,0x00,0x00,0x00,0x00,0x00,0x00,0x00,0x00,0x00,0x00,0x00,0x00,0x00,0x00,0x00,0x00,0x00,0x00,0x00,0x00,0x00,0x00,0x00,0x00,0x00,0x00,0x00,0x00,0x00,0x00,0x00,0x00,0x00,0x00,0x00,0x00,0x00,0x00,0x00,0x00,0x00,0x00,0x00,0x00,0x00,0x00,0x00,0x00,0x00,0x00,0x00,0xFF,0xFF,0xFF,0xFF,0x00,0x00,0x00,0x00,0xFF,0xFF,0xFF,0xFF},
{0x00,0x00,0x00,0x00,0x00,0x00,0x00,0x00,0x00,0xF8,0x00,0xF8,0x01,0x8C,0x01,0x8C,0x01,0x80,0x01,0x80,0x01,0x80,0x01,0x80,0x01,0x80,0x01,0x80,0x01,0x80,0x01,0x80,0x01,0x80,0x01,0x80,0x01,0x80,0x01,0x80,0x01,0x80,0x01,0x80,0x01,0x80,0x01,0x80,0x01,0x80,0x01,0x80,0x01,0x80,0x01,0x80,0x01,0x80,0x01,0x80,0x01,0x80,0x01,0x80},
{0x01,0x80,0x01,0x80,0x01,0x80,0x01,0x80,0x01,0x80,0x01,0x80,0x01,0x80,0x01,0x80,0x01,0x80,0x01,0x80,0x01,0x80,0x01,0x80,0x01,0x80,0x01,0x80,0x01,0x80,0x01,0x80,0x01,0x80,0x01,0x80,0x01,0x80,0x01,0x80,0x01,0x80,0x01,0x80,0x01,0x80,0x01,0x80,0x31,0x80,0x31,0x80,0x1F,0x00,0x1F,0x00,0x00,0x00,0x00,0x00,0x00,0x00,0x00,0x00},
{0x00,0x00,0x00,0x00,0x01,0x80,0x01,0x80,0x01,0x80,0x01,0x80,0x00,0x00,0x00,0x00,0x01,0x80,0x01,0x80,0x01,0x80,0x01,0x80,0x01,0x80,0x01,0x80,0x03,0xC0,0x03,0xC0,0x07,0xE0,0x07,0xE0,0x07,0xE0,0x07,0xE0,0x03,0xC0,0x03,0xC0,0x01,0x80,0x01,0x80,0x00,0x00,0x00,0x00,0x00,0x00,0x00,0x00,0x00,0x00,0x00,0x00,0x00,0x00,0x00,0x00},
{0x00,0x00,0x00,0x00,0x01,0x80,0x01,0x80,0x01,0x80,0x01,0x80,0x00,0x00,0x00,0x00,0x01,0x80,0x01,0x80,0x01,0x80,0x01,0x80,0x03,0x00,0x03,0x00,0x0C,0x00,0x0C,0x00,0x30,0x0C,0x30,0x0C,0x30,0x0C,0x30,0x0C,0x30,0x0C,0x30,0x0C,0x1F,0xF0,0x1F,0xF0,0x00,0x00,0x00,0x00,0x00,0x00,0x00,0x00,0x00,0x00,0x00,0x00,0x00,0x00,0x00,0x00},
{0x1E,0x00,0x1E,0x00,0x33,0x30,0x33,0x30,0x01,0xE0,0x01,0xE0,0x78,0x1E,0x78,0x1E,0x3C,0x0C,0x3C,0x0C,0x36,0x0C,0x36,0x0C,0x33,0x0C,0x33,0x0C,0x31,0x8C,0x31,0x8C,0x30,0xCC,0x30,0xCC,0x30,0x6C,0x30,0x6C,0x30,0x3C,0x30,0x3C,0x78,0x1E,0x78,0x1E,0x00,0x00,0x00,0x00,0x00,0x00,0x00,0x00,0x00,0x00,0x00,0x00,0x00,0x00,0x00,0x00},
{0x0F,0x00,0x0F,0x00,0x19,0x98,0x19,0x98,0x00,0xF0,0x00,0xF0,0x00,0x00,0x00,0x00,0x77,0xF0,0x77,0xF0,0x1C,0x1C,0x1C,0x1C,0x18,0x0C,0x18,0x0C,0x18,0x0C,0x18,0x0C,0x18,0x0C,0x18,0x0C,0x18,0x0C,0x18,0x0C,0x18,0x0C,0x18,0x0C,0x3C,0x1E,0x3C,0x1E,0x00,0x00,0x00,0x00,0x00,0x00,0x00,0x00,0x00,0x00,0x00,0x00,0x00,0x00,0x00,0x00},
{0x00,0x18,0x00,0x18,0x00,0x60,0x00,0x60,0x01,0x80,0x01,0x80,0x7C,0x3E,0x7C,0x3E,0x18,0x18,0x18,0x18,0x0C,0x30,0x0C,0x30,0x06,0x60,0x06,0x60,0x03,0xC0,0x03,0xC0,0x01,0x80,0x01,0x80,0x01,0x80,0x01,0x80,0x01,0x80,0x01,0x80,0x07,0xE0,0x07,0xE0,0x00,0x00,0x00,0x00,0x00,0x00,0x00,0x00,0x00,0x00,0x00,0x00,0x00,0x00,0x00,0x00},
{0x00,0x30,0x00,0x30,0x00,0xC0,0x00,0xC0,0x03,0x00,0x03,0x00,0x00,0x00,0x00,0x00,0x7C,0x3E,0x7C,0x3E,0x18,0x18,0x18,0x18,0x0C,0x18,0x0C,0x18,0x06,0x30,0x06,0x30,0x03,0x30,0x03,0x30,0x01,0xE0,0x01,0xE0,0x00,0xE0,0x00,0xE0,0x00,0xC0,0x00,0xC0,0x30,0xC0,0x30,0xC0,0x31,0x80,0x31,0x80,0x1F,0x00,0x1F,0x00,0x00,0x00,0x00,0x00},
{0x01,0x80,0x01,0x80,0x01,0x80,0x01,0x80,0x01,0x80,0x01,0x80,0x01,0x80,0x01,0x80,0x01,0x80,0x01,0x80,0x01,0x80,0x01,0x80,0x01,0x80,0x01,0x80,0x01,0x80,0x01,0x80,0xFF,0x80,0xFF,0x80,0x00,0x00,0x00,0x00,0x00,0x00,0x00,0x00,0x00,0x00,0x00,0x00,0x00,0x00,0x00,0x00,0x00,0x00,0x00,0x00,0x00,0x00,0x00,0x00,0x00,0x00,0x00,0x00},
{0x00,0x00,0x00,0x00,0x00,0x00,0x00,0x00,0x00,0x00,0x00,0x00,0x00,0x00,0x00,0x00,0x00,0x00,0x00,0x00,0x00,0x00,0x00,0x00,0x00,0x00,0x00,0x00,0x00,0x00,0x00,0x00,0x01,0xFF,0x01,0xFF,0x01,0x80,0x01,0x80,0x01,0x80,0x01,0x80,0x01,0x80,0x01,0x80,0x01,0x80,0x01,0x80,0x01,0x80,0x01,0x80,0x01,0x80,0x01,0x80,0x01,0x80,0x01,0x80},
{0xFF,0xFF,0xFF,0xFF,0xFF,0xFF,0xFF,0xFF,0xFF,0xFF,0xFF,0xFF,0xFF,0xFF,0xFF,0xFF,0xFF,0xFF,0xFF,0xFF,0xFF,0xFF,0xFF,0xFF,0xFF,0xFF,0xFF,0xFF,0xFF,0xFF,0xFF,0xFF,0xFF,0xFF,0xFF,0xFF,0xFF,0xFF,0xFF,0xFF,0xFF,0xFF,0xFF,0xFF,0xFF,0xFF,0xFF,0xFF,0xFF,0xFF,0xFF,0xFF,0xFF,0xFF,0xFF,0xFF,0xFF,0xFF,0xFF,0xFF,0xFF,0xFF,0xFF,0xFF},
{0x00,0x00,0x00,0x00,0x0F,0xFE,0x0F,0xFE,0x03,0xC6,0x03,0xC6,0x06,0xC0,0x06,0xC0,0x06,0xC0,0x06,0xC0,0x0C,0xCC,0x0C,0xCC,0x0C,0xFC,0x0C,0xFC,0x18,0xCC,0x18,0xCC,0x1F,0xC0,0x1F,0xC0,0x30,0xC0,0x30,0xC0,0x30,0xC6,0x30,0xC6,0x79,0xFE,0x79,0xFE,0x00,0x00,0x00,0x00,0x00,0x00,0x00,0x00,0x00,0x00,0x00,0x00,0x00,0x00,0x00,0x00},
{0x00,0x00,0x00,0x00,0x00,0x00,0x00,0x00,0x00,0x00,0x00,0x00,0x00,0x00,0x00,0x00,0x7E,0x78,0x7E,0x78,0x01,0x86,0x01,0x86,0x01,0x86,0x01,0x86,0x1F,0xFE,0x1F,0xFE,0x61,0x80,0x61,0x80,0x61,0x80,0x61,0x80,0x61,0x80,0x61,0x80,0x1E,0x7E,0x1E,0x7E,0x00,0x00,0x00,0x00,0x00,0x00,0x00,0x00,0x00,0x00,0x00,0x00,0x00,0x00,0x00,0x00},
{0x00,0x00,0x00,0x00,0x07,0xFE,0x07,0xFE,0x1C,0xC6,0x1C,0xC6,0x30,0xC6,0x30,0xC6,0x60,0xC0,0x60,0xC0,0x60,0xCC,0x60,0xCC,0x60,0xFC,0x60,0xFC,0x60,0xCC,0x60,0xCC,0x60,0xC0,0x60,0xC0,0x30,0xC6,0x30,0xC6,0x1C,0xC6,0x1C,0xC6,0x07,0xFE,0x07,0xFE,0x00,0x00,0x00,0x00,0x00,0x00,0x00,0x00,0x00,0x00,0x00,0x00,0x00,0x00,0x00,0x00},
{0x00,0x00,0x00,0x00,0x00,0x00,0x00,0x00,0x00,0x00,0x00,0x00,0x00,0x00,0x00,0x00,0x1E,0x70,0x1E,0x70,0x33,0x98,0x33,0x98,0x63,0x0C,0x63,0x0C,0x63,0xFC,0x63,0xFC,0x63,0x00,0x63,0x00,0x63,0x00,0x63,0x00,0x33,0x8C,0x33,0x8C,0x1E,0x78,0x1E,0x78,0x00,0x00,0x00,0x00,0x00,0x00,0x00,0x00,0x00,0x00,0x00,0x00,0x00,0x00,0x00,0x00},
{0x00,0x00,0x00,0x00,0x00,0x00,0x00,0x00,0x00,0x00,0x00,0x00,0x00,0x00,0x00,0x00,0x3B,0xF0,0x3B,0xF0,0x1E,0x1C,0x1E,0x1C,0x18,0x06,0x18,0x06,0x18,0x06,0x18,0x06,0x18,0x06,0x18,0x06,0x18,0x06,0x18,0x06,0x1E,0x1C,0x1E,0x1C,0x1B,0xF0,0x1B,0xF0,0x18,0x00,0x18,0x00,0x18,0x00,0x18,0x00,0x18,0x00,0x18,0x00,0x3C,0x00,0x3C,0x00},
{0x00,0x00,0x00,0x00,0x00,0x00,0x00,0x00,0x00,0x00,0x00,0x00,0x00,0x00,0x00,0x00,0x07,0xF0,0x07,0xF0,0x1C,0x3C,0x1C,0x3C,0x30,0x0C,0x30,0x0C,0x30,0x00,0x30,0x00,0x30,0x00,0x30,0x00,0x30,0x00,0x30,0x00,0x1C,0x1C,0x1C,0x1C,0x07,0xE0,0x07,0xE0,0x00,0x00,0x00,0x00,0x00,0x00,0x00,0x00,0x00,0x00,0x00,0x00,0x00,0x00,0x00,0x00},
{0x00,0x00,0x00,0x00,0x00,0x00,0x00,0x00,0x00,0x00,0x00,0x00,0x00,0x00,0x00,0x00,0x7F,0xFE,0x7F,0xFE,0x61,0x86,0x61,0x86,0x61,0x86,0x61,0x86,0x01,0x80,0x01,0x80,0x01,0x80,0x01,0x80,0x01,0x80,0x01,0x80,0x01,0x80,0x01,0x80,0x07,0xE0,0x07,0xE0,0x00,0x00,0x00,0x00,0x00,0x00,0x00,0x00,0x00,0x00,0x00,0x00,0x00,0x00,0x00,0x00},
{0x00,0x00,0x00,0x00,0x00,0x00,0x00,0x00,0x00,0x00,0x00,0x00,0x00,0x00,0x00,0x00,0x7C,0x3E,0x7C,0x3E,0x18,0x18,0x18,0x18,0x0C,0x18,0x0C,0x18,0x06,0x30,0x06,0x30,0x03,0x30,0x03,0x30,0x01,0xE0,0x01,0xE0,0x00,0xE0,0x00,0xE0,0x00,0xC0,0x00,0xC0,0x30,0xC0,0x30,0xC0,0x31,0x80,0x31,0x80,0x1F,0x00,0x1F,0x00,0x00,0x00,0x00,0x00},
{0x00,0x00,0x00,0x00,0x07,0x80,0x07,0x80,0x01,0x80,0x01,0x80,0x01,0x80,0x01,0x80,0x0F,0xF0,0x0F,0xF0,0x39,0x9C,0x39,0x9C,0x61,0x86,0x61,0x86,0x61,0x86,0x61,0x86,0x61,0x86,0x61,0x86,0x61,0x86,0x61,0x86,0x39,0x9C,0x39,0x9C,0x0F,0xF0,0x0F,0xF0,0x01,0x80,0x01,0x80,0x01,0x80,0x01,0x80,0x07,0xE0,0x07,0xE0,0x00,0x00,0x00,0x00},
{0x00,0x00,0x00,0x00,0x00,0x00,0x00,0x00,0x00,0x00,0x00,0x00,0x00,0x00,0x00,0x00,0x7C,0x3E,0x7C,0x3E,0x38,0x1C,0x38,0x1C,0x0E,0x70,0x0E,0x70,0x03,0xC0,0x03,0xC0,0x07,0xE0,0x07,0xE0,0x0E,0x70,0x0E,0x70,0x38,0x1C,0x38,0x1C,0x7C,0x3E,0x7C,0x3E,0x00,0x00,0x00,0x00,0x00,0x00,0x00,0x00,0x00,0x00,0x00,0x00,0x00,0x00,0x00,0x00},
{0x00,0x00,0x00,0x00,0x00,0x00,0x00,0x00,0x00,0x00,0x00,0x00,0x00,0x00,0x00,0x00,0x78,0x3C,0x78,0x3C,0x30,0x18,0x30,0x18,0x30,0x18,0x30,0x18,0x30,0x18,0x30,0x18,0x30,0x18,0x30,0x18,0x30,0x18,0x30,0x18,0x30,0x18,0x30,0x18,0x7F,0xFE,0x7F,0xFE,0x00,0x06,0x00,0x06,0x00,0x06,0x00,0x06,0x00,0x00,0x00,0x00,0x00,0x00,0x00,0x00},
{0x00,0x00,0x00,0x00,0x00,0x00,0x00,0x00,0x00,0x00,0x00,0x00,0x00,0x00,0x00,0x00,0x78,0x3C,0x78,0x3C,0x30,0x18,0x30,0x18,0x30,0x18,0x30,0x18,0x1C,0x38,0x1C,0x38,0x07,0xF8,0x07,0xF8,0x00,0x18,0x00,0x18,0x00,0x18,0x00,0x18,0x00,0x3C,0x00,0x3C,0x00,0x00,0x00,0x00,0x00,0x00,0x00,0x00,0x00,0x00,0x00,0x00,0x00,0x00,0x00,0x00},
{0x00,0x00,0x00,0x00,0x00,0x00,0x00,0x00,0x00,0x00,0x00,0x00,0x00,0x00,0x00,0x00,0x73,0xCE,0x73,0xCE,0x31,0x8C,0x31,0x8C,0x31,0x8C,0x31,0x8C,0x31,0x8C,0x31,0x8C,0x31,0x8C,0x31,0x8C,0x31,0x8C,0x31,0x8C,0x31,0x8C,0x31,0x8C,0x7F,0xFE,0x7F,0xFE,0x00,0x00,0x00,0x00,0x00,0x00,0x00,0x00,0x00,0x00,0x00,0x00,0x00,0x00,0x00,0x00},
{0x00,0x00,0x00,0x00,0x00,0x00,0x00,0x00,0x00,0x00,0x00,0x00,0x00,0x00,0x00,0x00,0x73,0xCE,0x73,0xCE,0x31,0x8C,0x31,0x8C,0x31,0x8C,0x31,0x8C,0x31,0x8C,0x31,0x8C,0x31,0x8C,0x31,0x8C,0x31,0x8C,0x31,0x8C,0x31,0x8C,0x31,0x8C,0x7F,0xFE,0x7F,0xFE,0x00,0x06,0x00,0x06,0x00,0x06,0x00,0x06,0x00,0x00,0x00,0x00,0x00,0x00,0x00,0x00},
{0x00,0x00,0x00,0x00,0x00,0x00,0x00,0x00,0x00,0x00,0x00,0x00,0x00,0x00,0x00,0x00,0x7F,0x00,0x7F,0x00,0x66,0x00,0x66,0x00,0x66,0x00,0x66,0x00,0x07,0xF0,0x07,0xF0,0x06,0x0C,0x06,0x0C,0x06,0x06,0x06,0x06,0x06,0x0C,0x06,0x0C,0x07,0xF0,0x07,0xF0,0x00,0x00,0x00,0x00,0x00,0x00,0x00,0x00,0x00,0x00,0x00,0x00,0x00,0x00,0x00,0x00},
{0x00,0x00,0x00,0x00,0x00,0x00,0x00,0x00,0x00,0x00,0x00,0x00,0x00,0x00,0x00,0x00,0x78,0x1E,0x78,0x1E,0x30,0x0C,0x30,0x0C,0x30,0x0C,0x30,0x0C,0x3F,0x0C,0x3F,0x0C,0x30,0xCC,0x30,0xCC,0x30,0x6C,0x30,0x6C,0x30,0xCC,0x30,0xCC,0x3F,0x1E,0x3F,0x1E,0x00,0x00,0x00,0x00,0x00,0x00,0x00,0x00,0x00,0x00,0x00,0x00,0x00,0x00,0x00,0x00},
{0x00,0x00,0x00,0x00,0x00,0x00,0x00,0x00,0x00,0x00,0x00,0x00,0x00,0x00,0x00,0x00,0x3C,0x00,0x3C,0x00,0x18,0x00,0x18,0x00,0x18,0x00,0x18,0x00,0x1F,0xE0,0x1F,0xE0,0x18,0x18,0x18,0x18,0x18,0x0C,0x18,0x0C,0x18,0x18,0x18,0x18,0x3F,0xE0,0x3F,0xE0,0x00,0x00,0x00,0x00,0x00,0x00,0x00,0x00,0x00,0x00,0x00,0x00,0x00,0x00,0x00,0x00},
{0x00,0x00,0x00,0x00,0x00,0x00,0x00,0x00,0x00,0x00,0x00,0x00,0x00,0x00,0x00,0x00,0x0F,0xE0,0x0F,0xE0,0x38,0x38,0x38,0x38,0x30,0x0C,0x30,0x0C,0x03,0xFC,0x03,0xFC,0x00,0x0C,0x00,0x0C,0x00,0x0C,0x00,0x0C,0x38,0x38,0x38,0x38,0x0F,0xE0,0x0F,0xE0,0x00,0x00,0x00,0x00,0x00,0x00,0x00,0x00,0x00,0x00,0x00,0x00,0x00,0x00,0x00,0x00},
{0x00,0x00,0x00,0x00,0x00,0x00,0x00,0x00,0x00,0x00,0x00,0x00,0x00,0x00,0x00,0x00,0x70,0x70,0x70,0x70,0x31,0x8C,0x31,0x8C,0x33,0x06,0x33,0x06,0x3F,0x06,0x3F,0x06,0x3F,0x06,0x3F,0x06,0x33,0x06,0x33,0x06,0x31,0x8C,0x31,0x8C,0x70,0x70,0x70,0x70,0x00,0x00,0x00,0x00,0x00,0x00,0x00,0x00,0x00,0x00,0x00,0x00,0x00,0x00,0x00,0x00},
{0x00,0x00,0x00,0x00,0x00,0x00,0x00,0x00,0x00,0x00,0x00,0x00,0x00,0x00,0x00,0x00,0x07,0xFE,0x07,0xFE,0x18,0x0C,0x18,0x0C,0x30,0x0C,0x30,0x0C,0x18,0x0C,0x18,0x0C,0x07,0xFC,0x07,0xFC,0x0C,0x0C,0x0C,0x0C,0x18,0x0C,0x18,0x0C,0x78,0x1E,0x78,0x1E,0x00,0x00,0x00,0x00,0x00,0x00,0x00,0x00,0x00,0x00,0x00,0x00,0x00,0x00,0x00,0x00},
{0x00,0xC0,0x00,0xC0,0x01,0x80,0x01,0x80,0x03,0x00,0x03,0x00,0x07,0x80,0x07,0x80,0x07,0x80,0x07,0x80,0x00,0x00,0x00,0x00,0x00,0x00,0x00,0x00,0x00,0x00,0x00,0x00,0x00,0x00,0x00,0x00,0x00,0x00,0x00,0x00,0x00,0x00,0x00,0x00,0x00,0x00,0x00,0x00,0x00,0x00,0x00,0x00,0x00,0x00,0x00,0x00,0x00,0x00,0x00,0x00,0x00,0x00,0x00,0x00},
{0x01,0xE0,0x01,0xE0,0x01,0xE0,0x01,0xE0,0x00,0xC0,0x00,0xC0,0x01,0x80,0x01,0x80,0x03,0x00,0x03,0x00,0x00,0x00,0x00,0x00,0x00,0x00,0x00,0x00,0x00,0x00,0x00,0x00,0x00,0x00,0x00,0x00,0x00,0x00,0x00,0x00,0x00,0x00,0x00,0x00,0x00,0x00,0x00,0x00,0x00,0x00,0x00,0x00,0x00,0x00,0x00,0x00,0x00,0x00,0x00,0x00,0x00,0x00,0x00,0x00},
{0x00,0x00,0x00,0x00,0x00,0x00,0x00,0x00,0x00,0x00,0x00,0x00,0x00,0x00,0x00,0x00,0x00,0x00,0x00,0x00,0x00,0x00,0x00,0x00,0x00,0x00,0x00,0x00,0x00,0x00,0x00,0x00,0x00,0x00,0x00,0x00,0x00,0x00,0x00,0x00,0x01,0xE0,0x01,0xE0,0x01,0xE0,0x01,0xE0,0x00,0xC0,0x00,0xC0,0x01,0x80,0x01,0x80,0x03,0x00,0x03,0x00,0x00,0x00,0x00,0x00},
{0x07,0x80,0x07,0x80,0x07,0x80,0x07,0x80,0x03,0x00,0x03,0x00,0x01,0x80,0x01,0x80,0x00,0xC0,0x00,0xC0,0x00,0x00,0x00,0x00,0x00,0x00,0x00,0x00,0x00,0x00,0x00,0x00,0x00,0x00,0x00,0x00,0x00,0x00,0x00,0x00,0x00,0x00,0x00,0x00,0x00,0x00,0x00,0x00,0x00,0x00,0x00,0x00,0x00,0x00,0x00,0x00,0x00,0x00,0x00,0x00,0x00,0x00,0x00,0x00},
{0x06,0x18,0x06,0x18,0x0C,0x30,0x0C,0x30,0x18,0x60,0x18,0x60,0x3C,0xF0,0x3C,0xF0,0x3C,0xF0,0x3C,0xF0,0x00,0x00,0x00,0x00,0x00,0x00,0x00,0x00,0x00,0x00,0x00,0x00,0x00,0x00,0x00,0x00,0x00,0x00,0x00,0x00,0x00,0x00,0x00,0x00,0x00,0x00,0x00,0x00,0x00,0x00,0x00,0x00,0x00,0x00,0x00,0x00,0x00,0x00,0x00,0x00,0x00,0x00,0x00,0x00},
{0x1E,0x78,0x1E,0x78,0x1E,0x78,0x1E,0x78,0x0C,0x30,0x0C,0x30,0x18,0x60,0x18,0x60,0x30,0xC0,0x30,0xC0,0x00,0x00,0x00,0x00,0x00,0x00,0x00,0x00,0x00,0x00,0x00,0x00,0x00,0x00,0x00,0x00,0x00,0x00,0x00,0x00,0x00,0x00,0x00,0x00,0x00,0x00,0x00,0x00,0x00,0x00,0x00,0x00,0x00,0x00,0x00,0x00,0x00,0x00,0x00,0x00,0x00,0x00,0x00,0x00},
{0x00,0x00,0x00,0x00,0x00,0x00,0x00,0x00,0x00,0x00,0x00,0x00,0x00,0x00,0x00,0x00,0x00,0x00,0x00,0x00,0x00,0x00,0x00,0x00,0x00,0x00,0x00,0x00,0x00,0x00,0x00,0x00,0x00,0x00,0x00,0x00,0x00,0x00,0x00,0x00,0x1E,0x78,0x1E,0x78,0x1E,0x78,0x1E,0x78,0x0C,0x30,0x0C,0x30,0x18,0x60,0x18,0x60,0x30,0xC0,0x30,0xC0,0x00,0x00,0x00,0x00},
{0x3C,0xF0,0x3C,0xF0,0x3C,0xF0,0x3C,0xF0,0x18,0x60,0x18,0x60,0x0C,0x30,0x0C,0x30,0x06,0x18,0x06,0x18,0x00,0x00,0x00,0x00,0x00,0x00,0x00,0x00,0x00,0x00,0x00,0x00,0x00,0x00,0x00,0x00,0x00,0x00,0x00,0x00,0x00,0x00,0x00,0x00,0x00,0x00,0x00,0x00,0x00,0x00,0x00,0x00,0x00,0x00,0x00,0x00,0x00,0x00,0x00,0x00,0x00,0x00,0x00,0x00},
{0x00,0x00,0x00,0x00,0x07,0x80,0x07,0x80,0x18,0x60,0x18,0x60,0x30,0x30,0x30,0x30,0x18,0x60,0x18,0x60,0x07,0x80,0x07,0x80,0x00,0x00,0x00,0x00,0x00,0x00,0x00,0x00,0x00,0x00,0x00,0x00,0x00,0x00,0x00,0x00,0x00,0x00,0x00,0x00,0x00,0x00,0x00,0x00,0x00,0x00,0x00,0x00,0x00,0x00,0x00,0x00,0x00,0x00,0x00,0x00,0x00,0x00,0x00,0x00},
{0x00,0x00,0x00,0x00,0x00,0x00,0x00,0x00,0x00,0x00,0x00,0x00,0x00,0x00,0x00,0x00,0x00,0x00,0x00,0x00,0x0C,0x18,0x0C,0x18,0x0C,0x18,0x0C,0x18,0x0C,0x18,0x0C,0x18,0x0C,0x18,0x0C,0x18,0x0C,0x18,0x0C,0x18,0x0E,0x38,0x0E,0x38,0x0F,0xFC,0x0F,0xFC,0x0C,0x00,0x0C,0x00,0x18,0x00,0x18,0x00,0x30,0x00,0x30,0x00,0x00,0x00,0x00,0x00},
{0x1C,0x70,0x1C,0x70,0x00,0x00,0x00,0x00,0x7F,0xFC,0x7F,0xFC,0x18,0x0C,0x18,0x0C,0x18,0x0C,0x18,0x0C,0x18,0xC0,0x18,0xC0,0x1F,0xC0,0x1F,0xC0,0x18,0xC0,0x18,0xC0,0x18,0x00,0x18,0x00,0x18,0x0C,0x18,0x0C,0x18,0x0C,0x18,0x0C,0x7F,0xFC,0x7F,0xFC,0x00,0x00,0x00,0x00,0x00,0x00,0x00,0x00,0x00,0x00,0x00,0x00,0x00,0x00,0x00,0x00},
{0x00,0x00,0x00,0x00,0x00,0x00,0x00,0x00,0x1C,0x38,0x1C,0x38,0x00,0x00,0x00,0x00,0x07,0xE0,0x07,0xE0,0x1C,0x38,0x1C,0x38,0x30,0x0C,0x30,0x0C,0x3F,0xFC,0x3F,0xFC,0x30,0x00,0x30,0x00,0x30,0x00,0x30,0x00,0x1C,0x1C,0x1C,0x1C,0x07,0xF0,0x07,0xF0,0x00,0x00,0x00,0x00,0x00,0x00,0x00,0x00,0x00,0x00,0x00,0x00,0x00,0x00,0x00,0x00},
{0x00,0x00,0x00,0x00,0x00,0x00,0x00,0x00,0x00,0x00,0x00,0x00,0x00,0x00,0x00,0x00,0x03,0x0C,0x03,0x0C,0x0C,0x30,0x0C,0x30,0x30,0xC0,0x30,0xC0,0x0C,0x30,0x0C,0x30,0x03,0x0C,0x03,0x0C,0x00,0x00,0x00,0x00,0x00,0x00,0x00,0x00,0x00,0x00,0x00,0x00,0x00,0x00,0x00,0x00,0x00,0x00,0x00,0x00,0x00,0x00,0x00,0x00,0x00,0x00,0x00,0x00},
{0x00,0x00,0x00,0x00,0x00,0x00,0x00,0x00,0x00,0x00,0x00,0x00,0x00,0x00,0x00,0x00,0x30,0xC0,0x30,0xC0,0x0C,0x30,0x0C,0x30,0x03,0x0C,0x03,0x0C,0x0C,0x30,0x0C,0x30,0x30,0xC0,0x30,0xC0,0x00,0x00,0x00,0x00,0x00,0x00,0x00,0x00,0x00,0x00,0x00,0x00,0x00,0x00,0x00,0x00,0x00,0x00,0x00,0x00,0x00,0x00,0x00,0x00,0x00,0x00,0x00,0x00},
{0x3F,0xFC,0x3F,0xFC,0x00,0x00,0x00,0x00,0x00,0x00,0x00,0x00,0x00,0x00,0x00,0x00,0x00,0x00,0x00,0x00,0x00,0x00,0x00,0x00,0x00,0x00,0x00,0x00,0x00,0x00,0x00,0x00,0x00,0x00,0x00,0x00,0x00,0x00,0x00,0x00,0x00,0x00,0x00,0x00,0x00,0x00,0x00,0x00,0x00,0x00,0x00,0x00,0x00,0x00,0x00,0x00,0x00,0x00,0x00,0x00,0x00,0x00,0x00,0x00},
{0x00,0x00,0x00,0x00,0x00,0x00,0x00,0x00,0x00,0x00,0x00,0x00,0x00,0x00,0x00,0x00,0x00,0x00,0x00,0x00,0x00,0x00,0x00,0x00,0x00,0x00,0x00,0x00,0x00,0x00,0x00,0x00,0x00,0x00,0x00,0x00,0x00,0x00,0x00,0x00,0x73,0x9C,0x73,0x9C,0x73,0x9C,0x73,0x9C,0x00,0x00,0x00,0x00,0x00,0x00,0x00,0x00,0x00,0x00,0x00,0x00,0x00,0x00,0x00,0x00}
};

/*
    #ifdef _16x32_
    for (int i = 0; i < FONT_HEIGHT; i++) {
        // Combine two consecutive bytes to form a 16-bit row
        unsigned short row = (fontCORDATA32[(unsigned char)c][i * 2] << 8) | fontCORDATA32[(unsigned char)c][i * 2 + 1];
        for (int j = 0; j < FONT_WIDTH; j++) {
            if (row & (1 << (15 - j))) { // Check each bit in the 16-bit row
                glVertex2f(x + j, y - i);
                glVertex2f(x + j + 1, y - i);
                glVertex2f(x + j + 1, y - i - 1);
                glVertex2f(x + j, y - i - 1);
            }
        }
    }
    #endif
*/

static Glyph *find_glyph(char c) {
    for (size_t i = 0; i < sizeof(font)/sizeof(font[0]); i++)
        if (font[i].c == c) return &font[i];
    return &font[0];
}

static Glyph16 *find_glyph16(char c) {
    for (size_t i = 0; i < sizeof(font16)/sizeof(font16[0]); i++)
        if (font16[i].c == c) return &font16[i];
    return &font16[0];
}

static Glyph14 *find_glyph14(char c) {
    for (size_t i = 0; i < sizeof(font14)/sizeof(font14[0]); i++)
        if (font14[i].c == c) return &font14[i];
    return &font14[0];
}

static void draw_char(int x, int y, char c, int scale, RGB color) {
    Glyph *g = find_glyph(c);
    for (int row = 0; row < 7; row++) {
        unsigned char bits = g->rows[row];
        for (int col = 0; col < 5; col++)
            if (bits & (1 << (4 - col)))
                fill_rect(x + col*scale, y + row*scale, scale, scale, color);
    }
}

static void draw_char16(int x, int y, char c, int scale, RGB color) {
    Glyph16 *g = find_glyph16(c);
    for (int row = 0; row < 16; row++) {
        unsigned char bits = g->rows[row];
        for (int col = 0; col < 8; col++)
            if (bits & (1 << ((8-1) - col)))
                fill_rect(x + col*scale, y + row*scale, scale, scale, color);
    }
}

static void draw_char14(int x, int y, char c, int scale, RGB color) {
    Glyph14 *g = find_glyph14(c);
    for (int row = 0; row < 14; row++) {
        unsigned char bits = g->rows[row];
        for (int col = 0; col < 8; col++)
            if (bits & (1 << ((8-1) - col)))
                fill_rect(x + col*scale, y + row*scale, scale, scale, color);
    }
}

static void draw_char16x2(int x, int y, char c, int scale, RGB color) {
    Glyph16 *g = find_glyph16(c);
    for (int row = 0; row < 16; row++) {
        unsigned char bits = g->rows[row];
        for (int col = 0; col < 8; col++)
            if (bits & (1 << ((8-1) - col)))
                fill_rect(x + col*scale, y + row*scale*2, scale, scale*2, color);
    }
}

static void draw_char16x3(int x, int y, char c, int scale, RGB color) {
    Glyph16 *g = find_glyph16(c);
    for (int row = 0; row < 16; row++) {
        unsigned char bits = g->rows[row];
        for (int col = 0; col < 8; col++)
            if (bits & (1 << ((8-1) - col)))
                fill_rect(x + col*scale, y + row*scale*3, scale, scale*3, color);
    }
}

static void draw_char16x3_2H(int x, int y, char c, int scale, RGB color) {
    Glyph16 *g = find_glyph16(c);
    for (int row = 0; row < 16; row++) {
        unsigned char bits = g->rows[row];
        for (int col = 0; col < 8; col++)
            if (bits & (1 << ((8-1) - col)))
                fill_rect(x + col*scale*2, y + row*scale*3, scale, scale*3, color);
    }
}

static void draw_text16x3_2H(int x, int y, const char *text, int scale, RGB color) {
    int cx = x;
    for (const char *p = text; *p; p++) { draw_char16x3_2H(cx, y, *p, scale, color); cx += (16+1)*scale; }
}

static void draw_text(int x, int y, const char *text, int scale, RGB color) {
    int cx = x;
    for (const char *p = text; *p; p++) { draw_char(cx, y, *p, scale, color); cx += 6*scale; }
}

static void draw_text16(int x, int y, const char *text, int scale, RGB color) {
    int cx = x;
    for (const char *p = text; *p; p++) { draw_char16(cx, y, *p, scale, color); cx += (8+1)*scale; }
}

static void draw_text14(int x, int y, const char *text, int scale, RGB color) {
    int cx = x;
    for (const char *p = text; *p; p++) { draw_char14(cx, y, *p, scale, color); cx += (8+1)*scale; }
}

static void draw_text16x2(int x, int y, const char *text, int scale, RGB color) {
    int cx = x;
    for (const char *p = text; *p; p++) { draw_char16x2(cx, y, *p, scale, color); cx += (8+1)*scale; }
}

static void draw_text16x3(int x, int y, const char *text, int scale, RGB color) {
    int cx = x;
    for (const char *p = text; *p; p++) { draw_char16x3(cx, y, *p, scale, color); cx += (8+1)*scale; }
}

/* Two-stop gradient text: colour interpolated character-by-character */
static void draw_text_gradient(int x, int y, const char *text, int scale, RGB a, RGB b) {
    int len = (int)strlen(text);
    int cx = x;
    for (int i = 0; i < len; i++) {
        float t = (len > 1) ? (float)i / (float)(len - 1) : 0.0f;
        RGB c = rgb(
            (unsigned char)(a.r + (b.r - a.r) * t),
            (unsigned char)(a.g + (b.g - a.g) * t),
            (unsigned char)(a.b + (b.b - a.b) * t));
        draw_char16x3_2H(cx, y, text[i], scale, c);
        //cx += (5+1) * scale;
        cx += (16+1) * scale;
    }
}

/* Multi-stop gradient text: pass any number of colour stops */
static void draw_text_gradient_multi(int x, int y, const char *text, int scale,
                                     RGB *stops, int nstops) {
    if (nstops < 2) return;
    int len = (int)strlen(text);
    int cx = x;
    for (int i = 0; i < len; i++) {
        float t = (len > 1) ? (float)i / (float)(len - 1) : 0.0f;
        float seg = t * (nstops - 1);
        int   s   = (int)seg;
        if (s >= nstops - 1) s = nstops - 2;
        float lt  = seg - s;
        RGB a = stops[s], b = stops[s + 1];
        RGB c = rgb(
            (unsigned char)(a.r + (b.r - a.r) * lt),
            (unsigned char)(a.g + (b.g - a.g) * lt),
            (unsigned char)(a.b + (b.b - a.b) * lt));
        draw_char16x3_2H(cx, y, text[i], scale, c);
        //cx += (5+1) * scale;
        cx += (16+1) * scale;
    }
}

static int text_width(const char *text, int scale) { return (int)strlen(text) * 6 * scale; }
static int text_width16(const char *text, int scale) { return (int)strlen(text) * (8+1) * scale; }

/* ---------------- Patterns ---------------- */
static void pat_checker(int x, int y, int w, int h, RGB a, RGB b) {
    for (int j = 0; j < h; j++) for (int i = 0; i < w; i++)
        set_pixel(x+i, y+j, ((i + j) & 1) ? a : b);
}
static void pat_vlines(int x, int y, int w, int h, RGB a, RGB b) {
    for (int j = 0; j < h; j++) for (int i = 0; i < w; i++)
        set_pixel(x+i, y+j, (i & 1) ? a : b);
}
static void pat_hlines(int x, int y, int w, int h, RGB a, RGB b) {
    for (int j = 0; j < h; j++) for (int i = 0; i < w; i++)
        set_pixel(x+i, y+j, (j & 1) ? a : b);
}
static void pat_dots(int x, int y, int w, int h, RGB a, RGB b) {
    for (int j = 0; j < h; j++) for (int i = 0; i < w; i++)
        set_pixel(x+i, y+j, ((i & 1) == 0 && (j & 1) == 0) ? a : b);
}
static void pat_diagonal(int x, int y, int w, int h, RGB a, RGB b) {
    for (int j = 0; j < h; j++) for (int i = 0; i < w; i++)
        set_pixel(x+i, y+j, (((i + j) >> 1) & 1) ? a : b);
}
static void pat_cross(int x, int y, int w, int h, RGB a, RGB b) {
    for (int j = 0; j < h; j++) for (int i = 0; i < w; i++)
        set_pixel(x+i, y+j, ((i & 3) == 0 || (j & 3) == 0) ? a : b);
}
static void pat_rings(int x, int y, int w, int h, RGB a, RGB b) {
    float cx = w/2.0f, cy = h/2.0f;
    for (int j = 0; j < h; j++) for (int i = 0; i < w; i++) {
        float dx = i - cx, dy = j - cy;
        int ring = (int)(sqrtf(dx*dx + dy*dy) / 5.0f);
        set_pixel(x+i, y+j, (ring & 1) ? a : b);
    }
}
static void pat_mesh(int x, int y, int w, int h, RGB a, RGB b) {
    for (int j = 0; j < h; j++) for (int i = 0; i < w; i++) {
        int pitch = 3 + (i * 12) / w;   /* pitch sweeps 3..9 */
        set_pixel(x+i, y+j, ((i % pitch == 0) || (j % pitch == 0)) ? a : b);
    }
}

/* ---------------- BMP writer ---------------- */
static void write_bmp(const char *filename, unsigned char *data, int w, int h) {
    int row_size = (w * 3 + 3) & ~3;
    uint32_t image_size = (uint32_t)row_size * h;
    uint32_t file_size  = 54 + image_size;
    unsigned char header[54] = {0};
    header[0] = 'B'; header[1] = 'M';
    memcpy(header + 2,  &file_size, 4);
    uint32_t offset = 54;   memcpy(header + 10, &offset, 4);
    uint32_t dib    = 40;   memcpy(header + 14, &dib, 4);
    int32_t  iw     = w;    memcpy(header + 18, &iw, 4);
    int32_t  ih     = h;    memcpy(header + 22, &ih, 4);
    uint16_t planes = 1;    memcpy(header + 26, &planes, 2);
    uint16_t bpp    = 24;   memcpy(header + 28, &bpp, 2);
    uint32_t comp   = 0;    memcpy(header + 30, &comp, 4);
    memcpy(header + 34, &image_size, 4);
    uint32_t ppm    = 2835; memcpy(header + 38, &ppm, 4);
    memcpy(header + 42, &ppm, 4);

    FILE *f = fopen(filename, "wb");
    if (!f) { perror("fopen"); exit(1); }
    fwrite(header, 1, 54, f);
    fwrite(data, 1, image_size, f);
    fclose(f);
}

/* ---------------- Main ---------------- */
int main(void) {
    img = calloc(H, ROW_SIZE);
    if (!img) { perror("calloc"); return 1; }

    RGB white   = rgb(255,255,255);
    RGB grey   = rgb(127,127,127);
    RGB black   = rgb(0,0,0);
    RGB red     = rgb(255,0,0);
    RGB green   = rgb(0,255,0);
    RGB blue    = rgb(0,0,255);
    RGB cyan    = rgb(0,255,255);
    RGB magenta = rgb(172 -30*0,150 -30*0,252 -30*0);
    RGB magenta1 = rgb(172 -30*1,150 -30*1,252 -30*1);
    RGB magenta2 = rgb(172 -30*2,150 -30*2,252 -30*2);
    RGB magenta3 = rgb(172 -30*3,150 -30*3,252 -30*3);
    RGB magenta4 = rgb(172 -30*4,150 -30*4,252 -30*4);
    RGB yellow  = rgb(255,255,0);
    RGB amber   = rgb(255-30*0,191-30*0,0);
    RGB amber1   = rgb(255-30*1,191-30*1,0);
    RGB amber2   = rgb(255-30*2,191-30*2,0);
    RGB amber3   = rgb(255-30*3,191-30*3,0);
    RGB amber4   = rgb(255-30*4,191-30*4,0);
    RGB carmine = rgb(150,0,24);
    RGB carmine1 = rgb(150+30*1,0,24+30*1);
    RGB carmine2 = rgb(150+30*2,0,24+30*2);
    RGB carmine3 = rgb(150+30*3,0,24+30*3);
    RGB orange  = rgb(255,128,0);
    RGB pink    = rgb(255,105,180);

    /* Base + white 1px frame + 15px black inner border */
    fill_rect(0, 0, W, H, black);
    draw_rect(0, 0, W, H, white);
    for (int i = 1; i <= 15; i++)
        draw_rect(i, i, W - 2*i, H - 2*i, black);

    /* Title */
    const char *title0 = "ARZOPA Z1RC 2560x1600; 3xV/2xH 16x48 font; Allowing Italian/German/French/Spanish also Bulgarian/Russian";
    const char *title1 = "ARZOPA Z1RC 2560x1600; 1xV 8x16 font";
    const char *title2 = "ARZOPA Z1RC 2560x1600; 2xV 8x32 font";
    const char *title3 = "ARZOPA Z1RC 2560x1600; 3xV 8x48 font";
    const char *title4 = "ARZOPA Z1RC 2560x1600; 2x(1xV) 16x32 font";
    const char *title5 = "ARZOPA Z1RC 2560x1600; 2x(2xV) 16x64 font";
    const char *title6 = "Toshiba";
    const char *title7 = "-Zirka!?";
/*
     _   _ 
    (_)_(_)
.-.  (^ ^)      \.-./  
   \ =\o/=      /o o\       \ /
    )/   \      / v \      {o,o}
   (/\):(/\    (/   \)     /)_)
    \_   _/   ==="="===   =="="==
     "" ""       |_|   
*/
    //draw_text16((W - text_width16(title1, 1)) *1/12, 25, title1, 1, white);
    draw_text16(16+1, 13, title1, 1, amber2);
    draw_text16x2(16+1+strlen(title1)*9 +20, 13-2, title2, 1, amber2);
    draw_text16x3(16+1+strlen(title1)*9+strlen(title2)*9 +40, 13-4, title3, 1, amber2);

    draw_text16(16+1+strlen(title1)*9+strlen(title2)*9+strlen(title3)*9 +60, 13-2, title4, 2, amber2);
    draw_text16x2(16+1+strlen(title1)*9+strlen(title2)*9+strlen(title3)*9+strlen(title4)*18 +80, 13-6, title5, 2, amber2);

    draw_text16x3_2H(16+1, 45, title0, 1, amber2);

/*
    fill_rect(1200 , 25, strlen(title1)*9, 16, white);
    draw_text16(1200+1, 25, title1, 1, black);
    fill_rect(1600 , 25, strlen(title2)*9, 32, white);
    draw_text16x2(1600+1, 25, title2, 1, black);
    fill_rect(2000 , 25, strlen(title3)*9, 48, white);
    draw_text16x3(2000+1, 25, title3, 1, black);
*/

    /* ---- 8 colour bars ---- */
    int by = 90, bh = 70, bw = (W - 32) / 16;
    RGB bars[16] = { white, black, carmine, carmine1, carmine2, carmine3, magenta, magenta1, magenta2, magenta3, magenta4, amber, amber1, amber2, amber3, amber4 };
    for (int i = 0; i < 16; i++) {
        fill_rect(16 + i*bw, by, bw, bh, bars[i]);
		draw_text16x2(16 + i*bw +(16), by, title6, 2, grey);
	}

    /* ---- Grayscale 32 ---- */
    int gsw = (W - 32) / 32;
    for (int i = 0; i < 32; i++) {
        int v = i * 255 / 31;
        fill_rect(16 + i*gsw, 170, gsw, 40, rgb(v, v, v));
	    draw_text16x2(16 + i*gsw +(6), 170+(6), title7, 1, amber2);
    }

    /* ---- RGB gradients ---- */
    fill_gradient_h(16, 220, W - 32, 20, black, red);
    fill_gradient_h(16, 245, W - 32, 20, black, green);
    fill_gradient_h(16, 270, W - 32, 20, black, blue);

    for (int i = 0; i < 256; i++)
        draw_char16(16 + i*(8+1), 220+2, (char)i, 1, white);
    for (int i = 0; i < 256; i++)
        draw_char16(16 + i*(8+1), 245+2, (char)i, 1, white);
    for (int i = 0; i < 256; i++)
        draw_char16(16 + i*(8+1), 270+2, (char)i, 1, white);

    /* ---- Amber spectrum ---- */
    draw_text16(16, 295, "AMBER SPECTRUM DARK TO BRIGHT: The Full ASCII TABLE with 'Gesch' encoding a.k.a. 'SCHPITZ' codepage; Allowing Italian/German/French/Spanish also Bulgarian/Russian", 1, rgb(255 -10*10, 191 -10*10,0));
    //fill_gradient_h3(16, 315, W - 32, 40, rgb(40,28,0), amber, rgb(40+115,28+115,0));
    fill_gradient_h(16, 315, W - 32, 40, rgb(255 -10*17, 191 -10*17,0), rgb(255 -10*10, 191 -10*10,0));

    for (int i = 0; i < 256; i++)
        draw_char16x2(16 + i*(8+1), 315+5, (char)i, 1, white);

    RGB amber_pal[8] = {
        rgb(255 -10*17, 191 -10*17,0), rgb(255 -10*16, 191 -10*16,0), rgb(255 -10*15, 191 -10*15,0), rgb(255 -10*14, 191 -10*14,0),
        rgb(255 -10*13, 191 -10*13,0), rgb(255 -10*12, 191 -10*12,0), rgb(255 -10*11, 191 -10*11,0), rgb(255 -10*10, 191 -10*10,0)
    };
    int sw = (W - 32) / 8;
    for (int i = 0; i < 8; i++) {
        fill_rect(16 + i*sw, 360, sw, 30, amber_pal[i]);
	}

    /* ---- Carmine spectrum ---- */
    draw_text16(16, 395, "CARMINE SPECTRUM DARK TO BRIGHT: The Full ASCII TABLE with 'Gesch' encoding a.k.a. 'SCHPITZ' codepage; Allowing Italian/German/French/Spanish also Bulgarian/Russian", 1, rgb(130 +10*7,0,4 +10*7));
    //fill_gradient_h3(16, 415, W - 32, 40, rgb(40,0,8), carmine, rgb(255,80,120));
    fill_gradient_h(16, 415, W - 32, 40, rgb(130 +10*0,0,4 +10*0), rgb(130 +10*7,0,4 +10*7));

    for (int i = 0; i < 256; i++)
        draw_char16x2(16 + i*(8+1), 415+5, (char)i, 1, white);

    RGB carm_pal[8] = {
        rgb(130 +10*0,0,4 +10*0), rgb(130 +10*1,0,4 +10*1), rgb(130 +10*2,0,4 +10*2), rgb(130 +10*3,0,4 +10*3),
        rgb(130 +10*4,0,4 +10*4), rgb(130 +10*5,0,4 +10*5), rgb(130 +10*6,0,4 +10*6), rgb(130 +10*7,0,4 +10*7)
    };
    for (int i = 0; i < 8; i++)
        fill_rect(16 + i*sw, 460, sw, 30, carm_pal[i]);

    /* ---- Orange spectrum ---- */
    draw_text16(16, 495, "ORANGE SPECTRUM DARK TO BRIGHT: The Full ASCII TABLE with 'Gesch' encoding a.k.a. 'SCHPITZ' codepage; Allowing Italian/German/French/Spanish also Bulgarian/Russian", 1, rgb(255 -10*4,128 -10*4,0));
    //fill_gradient_h3(16, 415, W - 32, 40, rgb(40,0,8), carmine, rgb(255,80,120));
    fill_gradient_h(16, 515, W - 32, 40, rgb(255 -10*11,128 -10*11,0), rgb(255 -10*4,128 -10*4,0));

    for (int i = 0; i < 256; i++)
        draw_char16x2(16 + i*(8+1), 515+5, (char)i, 1, white);

    RGB oran_pal[8] = {
        rgb(255 -10*11,128 -10*11,0), rgb(255 -10*10,128 -10*10,0), rgb(255 -10*9,128 -10*9,0), rgb(255 -10*8,128 -10*8,0),
        rgb(255 -10*7,128 -10*7,0), rgb(255 -10*6,128 -10*6,0), rgb(255 -10*5,128 -10*5,0), rgb(255 -10*4,128 -10*4,0)
    };
    for (int i = 0; i < 8; i++)
        fill_rect(16 + i*sw, 560, sw, 30, oran_pal[i]);

    /* ---- Sharpness patterns (8 x 316 wide) ---- */
    int px = 16, py = 605, ps = (W - 32) / 8, ph = 200;
    pat_checker(px + 0*ps, py, ps, ph/2, white, black);
    pat_vlines (px + 1*ps, py, ps, ph/2, white, black);
    pat_hlines (px + 2*ps, py, ps, ph/2, white, black);
    pat_dots   (px + 3*ps, py, ps, ph/2, white, black);
    pat_diagonal(px + 4*ps, py, ps, ph/2, white, black);
    pat_cross  (px + 5*ps, py, ps, ph/2, white, black);
    //pat_rings  (px + 6*ps, py, ps, ph, white, black);
    pat_mesh   (px + 6*ps, py, ps*2, ph/2, white, black);

    //pat_mesh  (px + 3*ps, py*1.5, ps*5, ph*3, amber1, black);

    pat_mesh  (px + 3*ps, py*1.3, ps*5, (ph/4-8)*4, amber4, black);
    pat_mesh  (px + 3*ps, py*1.3, ps*5, (ph/4-8)*3, amber3, black);
    pat_mesh  (px + 3*ps, py*1.3, ps*5, (ph/4-8)*2, amber2, black);
    pat_mesh  (px + 3*ps, py*1.3, ps*5, (ph/4-8)*1, amber1, black);

    const char *plabels[8] = {
        "CHECKER 1PX", "VLINES 1PX", "HLINES 1PX", "DOT GRID",
        "DIAGONAL", "CROSSHATCH", "FINE MESH", "COARSE MESH"
    };
    for (int i = 0; i < 8; i++) {
        int lw = text_width(plabels[i], 1);
        draw_text(px + i*ps + (ps - lw)/2, py + ph/2 + 8, plabels[i], 1, cyan);
    }

    for (int i = 0; i < 8; i++) {
        int lw = text_width(plabels[i], 1);
        draw_text16(px + i*ps + (ps - lw)/2, py + ph/2 + 8 +12, plabels[i], 1, cyan);
    }

    for (int i = 0; i < 8; i++) {
        int lw = text_width(plabels[i], 1);
        draw_text14(px + i*ps + (ps - lw)/2, py + ph/2 + 8 +12 + 16, plabels[i], 1, cyan);
    }

    /* ---- Text rendering ---- */
    int ty = 770;

    draw_text16(16, ty, "FINE 1x: /5x7/", 1, cyan); ty += 19;
    draw_text(16, ty, "ABCDEFGHIJKLMNOPQRSTUVWXYZ 0123456789", 1, orange); ty += 10;
    draw_text(16, ty, "THE QUICK BROWN FOX JUMPS OVER THE LAZY DOG", 1, amber); ty += 10;

ty += 10;

    draw_text16(16, ty, "SMALL 2x: /5x7/", 1, cyan); ty += 19;
    draw_text(16, ty, "ABCDEFGHIJKLMNOPQRSTUVWXYZ 0123456789", 2, orange); ty += 18;
    draw_text(16, ty, "THE QUICK BROWN FOX JUMPS OVER THE LAZY DOG", 2, amber); ty += 18;

ty += 30;

    /* One more at large scale so banding/gradients of hue are visible */
    {
        RGB stops4[2] = { rgb(0,30,30), rgb(0,250,250) };
        draw_text_gradient_multi(16, ty, "SPECTRUM: CYAN GRADIENT DARK TO BRIGHT - '16x48'", 1, stops4, 2);
        draw_text_gradient_multi(16+1, ty, "SPECTRUM: CYAN GRADIENT DARK TO BRIGHT", 1, stops4, 2);
        ty += 48;
        RGB stops6[2] = { rgb(30,30,30), rgb(250,250,250) };
        draw_text_gradient_multi(16, ty, "SPECTRUM: GREY GRADIENT DARK TO BRIGHT - '16x48'", 1, stops6, 2);
        draw_text_gradient_multi(16+1, ty, "SPECTRUM: GREY GRADIENT DARK TO BRIGHT", 1, stops6, 2);
        ty += 48;
        RGB stops[2] = { rgb(75,11,0), rgb(255,191,0) };
        draw_text_gradient_multi(16, ty, "SPECTRUM: AMBER GRADIENT DARK TO BRIGHT - '16x48'", 1, stops, 2);
        draw_text_gradient_multi(16+1, ty, "SPECTRUM: AMBER GRADIENT DARK TO BRIGHT", 1, stops, 2);
        ty += 48;
        RGB stops2[2] = { rgb(140,0,14), rgb(250,0,124) };
        draw_text_gradient_multi(16, ty, "SPECTRUM: CARMINE GRADIENT DARK TO BRIGHT - '16x48'", 1, stops2, 2);
        draw_text_gradient_multi(16+1, ty, "SPECTRUM: CARMINE GRADIENT DARK TO BRIGHT", 1, stops2, 2);
        ty += 48;
        RGB stops5[2] = { rgb(172-140,150-140,252-140), rgb(172,150,252) };
        draw_text_gradient_multi(16, ty, "SPECTRUM: PURPLE GRADIENT DARK TO BRIGHT - '16x48'", 1, stops5, 2);
        draw_text_gradient_multi(16+1, ty, "SPECTRUM: PURPLE GRADIENT DARK TO BRIGHT", 1, stops5, 2);
        ty += 48;
        RGB stops3[2] = { rgb(135,8,0), rgb(255,128,0) };
        draw_text_gradient_multi(16, ty, "SPECTRUM: ORANGE GRADIENT DARK TO BRIGHT - '16x48'", 1, stops3, 2);
        draw_text_gradient_multi(16+1, ty, "SPECTRUM: ORANGE GRADIENT DARK TO BRIGHT", 1, stops3, 2);
        ty += 48;
    }

        ty -= (48*4);

    for (int i = 0; i < 64*1; i++)
        draw_char16x3_2H(960+ (i-64*0)*(16+1), ty, (char)i, 1, amber);
        ty += 48;
    for (int i = 64*1; i < 64*2; i++)
        draw_char16x3_2H(960+ (i-64*1)*(16+1), ty, (char)i, 1, amber);
        ty += 48;
    for (int i = 64*2; i < 64*3; i++)
        draw_char16x3_2H(960+ (i-64*2)*(16+1), ty, (char)i, 1, amber);
        ty += 48;
    for (int i = 64*3; i < 64*4; i++)
        draw_char16x3_2H(960+ (i-64*3)*(16+1), ty, (char)i, 1, amber);
        ty += 48;

    draw_text16x3_2H(2132, ty-48*4, "Kaze's preset for ARZOPA:", 1, amber);
    draw_text16x3_2H(2132, ty-48*3, "Gesch/SCHPITZ encoding", 1, amber);
	draw_text16x3_2H(2132, ty-48*2, "in AMBER rgb(255,191,0)", 1, amber);
	draw_text16x3_2H(2132, ty-48*1, "with 16x48 Toshiba font", 1, amber);

    /* ---- Bottom: 24-patch colour checker ---- */
    int cc1_y = 1240, cc_h = 30, cc_w = (W - 32) / 12;
    RGB cc1[12] = {
        rgb( 0, 10,10), rgb( 0,20, 20), rgb(0, 30, 30), rgb(0,40, 40),
        rgb(0, 50,50), rgb(  0,60,60), rgb(0,70,70), rgb(0,80,80),
        rgb(0,90,90), rgb(0,100,100), rgb( 0, 110, 110), rgb( 0, 120, 120)
    };
    for (int i = 0; i < 12; i++)
        fill_rect(16 + i*cc_w, cc1_y, cc_w, cc_h, cc1[i]);

    draw_text16(16 + 0*cc_w, cc1_y -1, "0, 10, 10", 1, white);
    draw_text16(16 + 1*cc_w, cc1_y + 15, "0, 20, 20", 1, white);
    draw_text16(16 + 2*cc_w, cc1_y -1, "0, 30, 30", 1, white);
    draw_text16(16 + 3*cc_w, cc1_y + 15, "0, 40, 40", 1, white);
    draw_text16(16 + 4*cc_w, cc1_y -1, "0, 50, 50", 1, white);
    draw_text16(16 + 5*cc_w, cc1_y + 15, "0, 60, 60", 1, white);
    draw_text16(16 + 6*cc_w, cc1_y -1, "0, 70, 70", 1, white);
    draw_text16(16 + 7*cc_w, cc1_y + 15, "0, 80, 80", 1, white);
    draw_text16(16 + 8*cc_w, cc1_y -1, "0, 90, 90", 1, white);
    draw_text16(16 + 9*cc_w, cc1_y + 15, "0, 100, 100", 1, white);
    draw_text16(16 + 10*cc_w, cc1_y -1, "0, 110, 110", 1, white);
    draw_text16(16 + 11*cc_w, cc1_y + 15, "0, 120, 120", 1, white);

    RGB cc2[12] = {
        rgb( 10, 10,10), rgb( 20,20, 20), rgb(30, 30, 30), rgb(40,40, 40),
        rgb(50, 50,50), rgb(  60,60,60), rgb(70,70,70), rgb(80,80,80),
        rgb(90,90,90), rgb(100,100,100), rgb( 110, 110, 110), rgb( 120, 120, 120)
    };
    for (int i = 0; i < 12; i++)
        fill_rect(16 + i*cc_w, cc1_y + cc_h + 20, cc_w, cc_h, cc2[i]);

    draw_text16(16 + 0*cc_w, cc1_y + cc_h + 19, "10, 10, 10", 1, white);
    draw_text16(16 + 1*cc_w, cc1_y + cc_h + 35, "20, 20, 20", 1, white);
    draw_text16(16 + 2*cc_w, cc1_y + cc_h + 19, "30, 30, 30", 1, white);
    draw_text16(16 + 3*cc_w, cc1_y + cc_h + 35, "40, 40, 40", 1, white);
    draw_text16(16 + 4*cc_w, cc1_y + cc_h + 19, "50, 50, 50", 1, white);
    draw_text16(16 + 5*cc_w, cc1_y + cc_h + 35, "60, 60, 60", 1, white);
    draw_text16(16 + 6*cc_w, cc1_y + cc_h + 19, "70, 70, 70", 1, white);
    draw_text16(16 + 7*cc_w, cc1_y + cc_h + 35, "80, 80, 80", 1, white);
    draw_text16(16 + 8*cc_w, cc1_y + cc_h + 19, "90, 90, 90", 1, white);
    draw_text16(16 + 9*cc_w, cc1_y + cc_h + 35, "100, 100, 100", 1, white);
    draw_text16(16 + 10*cc_w, cc1_y + cc_h + 19, "110, 110, 110", 1, white);
    draw_text16(16 + 11*cc_w, cc1_y + cc_h + 35, "120, 120, 120", 1, white);

    RGB cc3[12] = {
        rgb(255 -10*17, 191 -10*17,0), rgb(255 -10*16, 191 -10*16,0), rgb(255 -10*15, 191 -10*15,0), rgb(255 -10*14, 191 -10*14,0),
        rgb(255 -10*13, 191 -10*13,0), rgb(255 -10*12, 191 -10*12,0), rgb(255 -10*11, 191 -10*11,0), rgb(255 -10*10, 191 -10*10,0),
        rgb(255 -10*9, 191 -10*9,0), rgb(255 -10*8, 191 -10*8,0), rgb(255 -10*7, 191 -10*7,0), rgb(255 -10*6, 191 -10*6,0)
    };
    for (int i = 0; i < 12; i++)
        fill_rect(16 + i*cc_w, cc1_y + cc_h*2 + 40, cc_w, cc_h, cc3[i]);

    draw_text16(16 + 0*cc_w, cc1_y + cc_h*2 + 39, "255-10*17,191-10*17,0", 1, white);
    draw_text16(16 + 1*cc_w, cc1_y + cc_h*2 + 55, "255-10*16,191-10*16,0", 1, white);
    draw_text16(16 + 2*cc_w, cc1_y + cc_h*2 + 39, "255-10*15,191-10*15,0", 1, white);
    draw_text16(16 + 3*cc_w, cc1_y + cc_h*2 + 55, "255-10*14,191-10*14,0", 1, white);
    draw_text16(16 + 4*cc_w, cc1_y + cc_h*2 + 39, "255-10*13,191-10*13,0", 1, white);
    draw_text16(16 + 5*cc_w, cc1_y + cc_h*2 + 55, "255-10*12,191-10*12,0", 1, white);
    draw_text16(16 + 6*cc_w, cc1_y + cc_h*2 + 39, "255-10*11,191-10*11,0", 1, white);
    draw_text16(16 + 7*cc_w, cc1_y + cc_h*2 + 55, "255-10*10,191-10*10,0", 1, white);
    draw_text16(16 + 8*cc_w, cc1_y + cc_h*2 + 39, "255-10*9,191-10*9,0", 1, white);
    draw_text16(16 + 9*cc_w, cc1_y + cc_h*2 + 55, "255-10*8,191-10*8,0", 1, white);
    draw_text16(16 + 10*cc_w, cc1_y + cc_h*2 + 39, "255-10*7,191-10*7,0", 1, white);
    draw_text16(16 + 11*cc_w, cc1_y + cc_h*2 + 55, "255-10*6,191-10*6,0", 1, white);

    RGB cc4[12] = {
        rgb(130 +10*0,0,4 +10*0), rgb(130 +10*1,0,4 +10*1), rgb(130 +10*2,0,4 +10*2), rgb(130 +10*3,0,4 +10*3),
        rgb(130 +10*4,0,4 +10*4), rgb(130 +10*5,0,4 +10*5), rgb(130 +10*6,0,4 +10*6), rgb(130 +10*7,0,4 +10*7),
        rgb(130 +10*8,0,4 +10*8), rgb(130 +10*9,0,4 +10*9), rgb(130 +10*10,0,4 +10*10), rgb(130 +10*11,0,4 +10*11)
    };
    for (int i = 0; i < 12; i++)
        fill_rect(16 + i*cc_w, cc1_y + cc_h*3 + 60, cc_w, cc_h, cc4[i]);

    draw_text16(16 + 0*cc_w, cc1_y + cc_h*3 + 59, "130+10*0,0,4+10*0", 1, white);
    draw_text16(16 + 1*cc_w, cc1_y + cc_h*3 + 75, "130+10*1,0,4+10*1", 1, white);
    draw_text16(16 + 2*cc_w, cc1_y + cc_h*3 + 59, "130+10*2,0,4+10*2", 1, white);
    draw_text16(16 + 3*cc_w, cc1_y + cc_h*3 + 75, "130+10*3,0,4+10*3", 1, white);
    draw_text16(16 + 4*cc_w, cc1_y + cc_h*3 + 59, "130+10*4,0,4+10*4", 1, white);
    draw_text16(16 + 5*cc_w, cc1_y + cc_h*3 + 75, "130+10*5,0,4+10*5", 1, white);
    draw_text16(16 + 6*cc_w, cc1_y + cc_h*3 + 59, "130+10*6,0,4+10*6", 1, white);
    draw_text16(16 + 7*cc_w, cc1_y + cc_h*3 + 75, "130+10*7,0,4+10*7", 1, white);
    draw_text16(16 + 8*cc_w, cc1_y + cc_h*3 + 59, "130+10*8,0,4+10*8", 1, white);
    draw_text16(16 + 9*cc_w, cc1_y + cc_h*3 + 75, "130+10*9,0,4+10*9", 1, white);
    draw_text16(16 + 10*cc_w, cc1_y + cc_h*3 + 59, "130+10*10,0,4+10*10", 1, white);
    draw_text16(16 + 11*cc_w, cc1_y + cc_h*3 + 75, "130+10*11,0,4+10*11", 1, white);

    RGB cc5[12] = {
        rgb(172 -10*0,150 -10*0,252 -10*0), rgb(172 -10*1,150 -10*1,252 -10*1), rgb(172 -10*2,150 -10*2,252 -10*2), rgb(172 -10*3,150 -10*3,252 -10*3),
        rgb(172 -10*4,150 -10*4,252 -10*4), rgb(172 -10*5,150 -10*5,252 -10*5), rgb(172 -10*6,150 -10*6,252 -10*6), rgb(172 -10*7,150 -10*7,252 -10*7),
        rgb(172 -10*8,150 -10*8,252 -10*8), rgb(172 -10*9,150 -10*9,252 -10*9), rgb(172 -10*10,150 -10*10,252 -10*10), rgb(172 -10*11,150 -10*11,252 -10*11)
    };
    for (int i = 0; i < 12; i++)
        fill_rect(16 + i*cc_w, cc1_y + cc_h*4 + 80, cc_w, cc_h, cc5[i]);

    draw_text16(16 + 0*cc_w, cc1_y + cc_h*4 + 79, "172-10*0,150-10*0,252-10*0", 1, white);
    draw_text16(16 + 1*cc_w, cc1_y + cc_h*4 + 95, "172-10*1,150-10*1,252-10*1", 1, white);
    draw_text16(16 + 2*cc_w, cc1_y + cc_h*4 + 79, "172-10*2,150-10*2,252-10*2", 1, white);
    draw_text16(16 + 3*cc_w, cc1_y + cc_h*4 + 95, "172-10*3,150-10*3,252-10*3", 1, white);
    draw_text16(16 + 4*cc_w, cc1_y + cc_h*4 + 79, "172-10*4,150-10*4,252-10*4", 1, white);
    draw_text16(16 + 5*cc_w, cc1_y + cc_h*4 + 95, "172-10*5,150-10*5,252-10*5", 1, white);
    draw_text16(16 + 6*cc_w, cc1_y + cc_h*4 + 79, "172-10*6,150-10*6,252-10*6", 1, white);
    draw_text16(16 + 7*cc_w, cc1_y + cc_h*4 + 95, "172-10*7,150-10*7,252-10*7", 1, white);
    draw_text16(16 + 8*cc_w, cc1_y + cc_h*4 + 79, "172-10*8,150-10*8,252-10*8", 1, white);
    draw_text16(16 + 9*cc_w, cc1_y + cc_h*4 + 95, "172-10*9,150-10*9,252-10*9", 1, white);
    draw_text16(16 + 10*cc_w, cc1_y + cc_h*4 + 79, "172-10*10,150-10*10,252-10*10", 1, white);
    draw_text16(16 + 11*cc_w, cc1_y + cc_h*4 + 95, "172-10*11,150-10*11,252-10*11", 1, white);

    RGB cc6[12] = {
        rgb(255 -10*0,128 -10*0,0), rgb(255 -10*1,128 -10*1,0), rgb(255 -10*2,128 -10*2,0), rgb(255 -10*3,128 -10*3,0),
        rgb(255 -10*4,128 -10*4,0), rgb(255 -10*5,128 -10*5,0), rgb(255 -10*6,128 -10*6,0), rgb(255 -10*7,128 -10*7,0),
        rgb(255 -10*8,128 -10*8,0), rgb(255 -10*9,128 -10*9,0), rgb(255 -10*10,128 -10*10,0), rgb(255 -10*11,128 -10*11,0)
    };
    for (int i = 0; i < 12; i++)
        fill_rect(16 + i*cc_w, cc1_y + cc_h*5 + 100, cc_w, cc_h, cc6[i]);

    draw_text16(16 + 0*cc_w, cc1_y + cc_h*5 + 99, "255 -10*0,128 -10*0,0", 1, white);
    draw_text16(16 + 1*cc_w, cc1_y + cc_h*5 + 115, "255 -10*1,128 -10*1,0", 1, white);
    draw_text16(16 + 2*cc_w, cc1_y + cc_h*5 + 99, "255 -10*2,128 -10*2,0", 1, white);
    draw_text16(16 + 3*cc_w, cc1_y + cc_h*5 + 115, "255 -10*3,128 -10*3,0", 1, white);
    draw_text16(16 + 4*cc_w, cc1_y + cc_h*5 + 99, "255 -10*4,128 -10*4,0", 1, white);
    draw_text16(16 + 5*cc_w, cc1_y + cc_h*5 + 115, "255 -10*5,128 -10*5,0", 1, white);
    draw_text16(16 + 6*cc_w, cc1_y + cc_h*5 + 99, "255 -10*6,128 -10*6,0", 1, white);
    draw_text16(16 + 7*cc_w, cc1_y + cc_h*5 + 115, "255 -10*7,128 -10*7,0", 1, white);
    draw_text16(16 + 8*cc_w, cc1_y + cc_h*5 + 99, "255 -10*8,128 -10*8,0", 1, white);
    draw_text16(16 + 9*cc_w, cc1_y + cc_h*5 + 115, "255 -10*9,128 -10*9,0", 1, white);
    draw_text16(16 + 10*cc_w, cc1_y + cc_h*5 + 99, "255 -10*10,128 -10*10,0", 1, white);
    draw_text16(16 + 11*cc_w, cc1_y + cc_h*5 + 115, "255 -10*11,128 -10*11,0", 1, white);

    for (int i = 0; i < 256; i++)
        draw_char16(16 + i*(8+1), cc1_y + cc_h*6 + 120, (char)i, 1, white);

    draw_text16(16 + 0*cc_w, cc1_y + cc_h*7 + 123, "Note (255,0,0): Above - The Full ASCII TABLE with 'Gesch' encoding a.k.a. 'SCHPITZ' codepage", 1, red);
    draw_text16(16 + 0*cc_w + 850, cc1_y + cc_h*7 + 123, "Note (0,255,0): Above - The Full ASCII TABLE with 'Gesch' encoding a.k.a. 'SCHPITZ' codepage", 1, green);
    draw_text16(16 + 0*cc_w + 1700, cc1_y + cc_h*7 + 123, "Note (0,0,255): Above - The Full ASCII TABLE with 'Gesch' encoding a.k.a. 'SCHPITZ' codepage", 1, blue);

    write_bmp("monitor_test.bmp", img, W, H);
    free(img);
    printf("Wrote monitor_test.bmp (%dx%d, 24-bit)\n", W, H);
    return 0;
}

